"date","contract_code","rate"
2025-06-24,"DI1F27",14.2426059864446
2025-06-24,"DI1F27",13.9850007487203
2025-06-24,"DI1F27",13.774001651833
2025-06-24,"DI1F27",13.6110019939347
2025-06-24,"DI1F28",13.4765894586064
2025-06-24,"DI1F28",13.3964200277375
2025-06-24,"DI1F28",13.3557221803291
2025-06-24,"DI1F28",13.3582688757259
2025-06-24,"DI1F29",13.3480842207079
2025-06-24,"DI1F29",13.3570525660466
2025-06-24,"DI1F29",13.3871451577811
2025-06-24,"DI1F29",13.3859993903896
2025-06-24,"DI1F30",13.4246196598775
2025-06-24,"DI1F30",13.4330004283282
2025-06-24,"DI1F30",13.4570004675242
2025-06-24,"DI1F31",13.5174000151944
2025-06-24,"DI1F32",13.6018539556197
2025-06-24,"DI1F33",13.6196852852404
2025-06-24,"DI1F34",13.6237840347752
2025-06-24,"DI1F35",13.6440886054032
2025-06-25,"DI1F27",14.2748019398459
2025-06-25,"DI1F27",14.0309972674078
2025-06-25,"DI1F27",13.8279968878486
2025-06-25,"DI1F27",13.6760015959737
2025-06-25,"DI1F28",13.5547633740701
2025-06-25,"DI1F28",13.4765818549401
2025-06-25,"DI1F28",13.4368668131254
2025-06-25,"DI1F28",13.4363960629213
2025-06-25,"DI1F29",13.4241992269645
2025-06-25,"DI1F29",13.4351615212152
2025-06-25,"DI1F29",13.465244946114
2025-06-25,"DI1F29",13.4539983348807
2025-06-25,"DI1F30",13.4906973765069
2025-06-25,"DI1F30",13.4960004409301
2025-06-25,"DI1F30",13.5180014645945
2025-06-25,"DI1F31",13.5704504391927
2025-06-25,"DI1F32",13.6448900925914
2025-06-25,"DI1F33",13.6737188882021
2025-06-25,"DI1F34",13.6678098278971
2025-06-25,"DI1F35",13.6901151531169
2025-06-26,"DI1F27",14.2187440008184
2025-06-26,"DI1F27",13.9600000567
2025-06-26,"DI1F27",13.7409998921668
2025-06-26,"DI1F27",13.5819993971471
2025-06-26,"DI1F28",13.4566261517474
2025-06-26,"DI1F28",13.3714390784922
2025-06-26,"DI1F28",13.3367421237291
2025-06-26,"DI1F28",13.3362803245775
2025-06-26,"DI1F29",13.3341010339771
2025-06-26,"DI1F29",13.3410651157867
2025-06-26,"DI1F29",13.3691546075914
2025-06-26,"DI1F29",13.371000848881
2025-06-26,"DI1F30",13.4146326946527
2025-06-26,"DI1F30",13.4190007232961
2025-06-26,"DI1F30",13.4440006950592
2025-06-26,"DI1F31",13.5064038421873
2025-06-26,"DI1F32",13.598862005875
2025-06-26,"DI1F33",13.6317003848669
2025-06-26,"DI1F34",13.6277926114089
2025-06-26,"DI1F35",13.6410937998727
2025-06-27,"DI1F27",14.2228641597419
2025-06-27,"DI1F27",13.9589973008444
2025-06-27,"DI1F27",13.7439969359761
2025-06-27,"DI1F27",13.5829975179159
2025-06-27,"DI1F28",13.4536561783063
2025-06-27,"DI1F28",13.3704675576998
2025-06-27,"DI1F28",13.3377677030081
2025-06-27,"DI1F28",13.3413065078698
2025-06-27,"DI1F29",13.3341214014826
2025-06-27,"DI1F29",13.3410849523034
2025-06-27,"DI1F29",13.3731730139018
2025-06-27,"DI1F29",13.3669992352867
2025-06-27,"DI1F30",13.4036357895952
2025-06-27,"DI1F30",13.4099983885935
2025-06-27,"DI1F30",13.4340002048602
2025-06-27,"DI1F31",13.4883959113701
2025-06-27,"DI1F32",13.5738521585692
2025-06-27,"DI1F33",13.608688422235
2025-06-27,"DI1F34",13.5987823800882
2025-06-27,"DI1F35",13.617083413463
2025-06-30,"DI1F27",14.1316892855541
2025-06-30,"DI1F27",13.8460031903317
2025-06-30,"DI1F27",13.6070005060622
2025-06-30,"DI1F27",13.4169972098132
2025-06-30,"DI1F28",13.2733712226252
2025-06-30,"DI1F28",13.1681679951191
2025-06-30,"DI1F28",13.1154601473703
2025-06-30,"DI1F28",13.099999621042
2025-06-30,"DI1F29",13.0858198935637
2025-06-30,"DI1F29",13.0817903790029
2025-06-30,"DI1F29",13.1078904201283
2025-06-30,"DI1F29",13.0940015869275
2025-06-30,"DI1F30",13.1283693700181
2025-06-30,"DI1F30",13.1259993624895
2025-06-30,"DI1F30",13.1469989047965
2025-06-30,"DI1F31",13.1951664472387
2025-06-30,"DI1F32",13.2736520752684
2025-06-30,"DI1F33",13.2935037433511
2025-06-30,"DI1F34",13.280615432163
2025-06-30,"DI1F35",13.2949342654844
2025-07-01,"DI1F27",14.1468400341949
2025-07-01,"DI1F27",13.8699973230836
2025-07-01,"DI1F27",13.6380022340328
2025-07-01,"DI1F27",13.4550030670991
2025-07-01,"DI1F28",13.3124776537665
2025-07-01,"DI1F28",13.2042574206022
2025-07-01,"DI1F28",13.1495372020371
2025-07-01,"DI1F28",13.1310627205742
2025-07-01,"DI1F29",13.1078646228647
2025-07-01,"DI1F29",13.096824056357
2025-07-01,"DI1F29",13.1169112386921
2025-07-01,"DI1F29",13.0980007887987
2025-07-01,"DI1F30",13.124376761271
2025-07-01,"DI1F30",13.1209983652637
2025-07-01,"DI1F30",13.1349993217966
2025-07-01,"DI1F31",13.1771590450992
2025-07-01,"DI1F32",13.2336267361424
2025-07-01,"DI1F33",13.246481357278
2025-07-01,"DI1F34",13.2385952775371
2025-07-01,"DI1F35",13.2419107155517
2025-07-02,"DI1F27",14.1599880763362
2025-07-02,"DI1F27",13.8929984614088
2025-07-02,"DI1F27",13.6699993275748
2025-07-02,"DI1F27",13.4909972700038
2025-07-02,"DI1F28",13.3515853554352
2025-07-02,"DI1F28",13.2493617866195
2025-07-02,"DI1F28",13.1996376333275
2025-07-02,"DI1F28",13.1841566679692
2025-07-02,"DI1F29",13.1619520140164
2025-07-02,"DI1F29",13.1589103561926
2025-07-02,"DI1F29",13.1689873362848
2025-07-02,"DI1F29",13.1479986198223
2025-07-02,"DI1F30",13.1764412025098
2025-07-02,"DI1F30",13.1699988711526
2025-07-02,"DI1F30",13.1860012815248
2025-07-02,"DI1F30",13.198000264785
2025-07-02,"DI1F31",13.2191998521891
2025-07-02,"DI1F32",13.2686573033108
2025-07-02,"DI1F33",13.2694970153978
2025-07-02,"DI1F34",13.2506061727728
2025-07-02,"DI1F35",13.2599214523128
2025-07-03,"DI1F27",14.176145361923
2025-07-03,"DI1F27",13.9120025754337
2025-07-03,"DI1F27",13.6889976126298
2025-07-03,"DI1F27",13.5109987884448
2025-07-03,"DI1F28",13.3706514028974
2025-07-03,"DI1F28",13.2754297228288
2025-07-03,"DI1F28",13.231711829181
2025-07-03,"DI1F28",13.2172208554277
2025-07-03,"DI1F29",13.2060304484861
2025-07-03,"DI1F29",13.1969750490425
2025-07-03,"DI1F29",13.2130488065454
2025-07-03,"DI1F29",13.1990008280274
2025-07-03,"DI1F30",13.2295063868248
2025-07-03,"DI1F30",13.2230021324787
2025-07-03,"DI1F30",13.2339997060091
2025-07-03,"DI1F30",13.251002068216
2025-07-03,"DI1F31",13.2752554565796
2025-07-03,"DI1F32",13.3297044589612
2025-07-03,"DI1F33",13.334540722454
2025-07-03,"DI1F34",13.3166451900251
2025-07-03,"DI1F35",13.3259551274951
2025-07-04,"DI1F27",14.2163670536788
2025-07-04,"DI1F27",13.9539976313086
2025-07-04,"DI1F27",13.7329979933966
2025-07-04,"DI1F27",13.5559978845573
2025-07-04,"DI1F28",13.4177726294918
2025-07-04,"DI1F28",13.3195316937601
2025-07-04,"DI1F28",13.2738001714257
2025-07-04,"DI1F28",13.2593039938171
2025-07-04,"DI1F29",13.2440933277567
2025-07-04,"DI1F29",13.2340335412724
2025-07-04,"DI1F29",13.2501034857516
2025-07-04,"DI1F29",13.2350016933574
2025-07-04,"DI1F30",13.2625491998151
2025-07-04,"DI1F30",13.2579991660067
2025-07-04,"DI1F30",13.2700014930442
2025-07-04,"DI1F30",13.2840009701921
2025-07-04,"DI1F31",13.3112885066313
2025-07-04,"DI1F32",13.3697386298642
2025-07-04,"DI1F33",13.3665633653199
2025-07-04,"DI1F34",13.3496662892705
2025-07-04,"DI1F35",13.3659763378605
2025-07-07,"DI1F27",14.2425590299432
2025-07-07,"DI1F27",13.9900014184829
2025-07-07,"DI1F27",13.7770028358602
2025-07-07,"DI1F27",13.609999654267
2025-07-07,"DI1F28",13.481922569219
2025-07-07,"DI1F28",13.3896753291967
2025-07-07,"DI1F28",13.347934861924
2025-07-07,"DI1F28",13.3364304372411
2025-07-07,"DI1F29",13.3252184876615
2025-07-07,"DI1F29",13.3201537593525
2025-07-07,"DI1F29",13.3402224718758
2025-07-07,"DI1F29",13.3230002029061
2025-07-07,"DI1F30",13.3566561947579
2025-07-07,"DI1F30",13.3510013481558
2025-07-07,"DI1F30",13.3609989185713
2025-07-07,"DI1F30",13.375999460036
2025-07-07,"DI1F31",13.4053747002152
2025-07-07,"DI1F32",13.4558039014174
2025-07-07,"DI1F33",13.4616271662893
2025-07-07,"DI1F34",13.4487201908881
2025-07-07,"DI1F35",13.4570251169736
2025-07-08,"DI1F27",14.2175864669078
2025-07-08,"DI1F27",13.9589964087204
2025-07-08,"DI1F27",13.7410018254784
2025-07-08,"DI1F27",13.5749997668485
2025-07-08,"DI1F28",13.4438924410017
2025-07-08,"DI1F28",13.3586595007102
2025-07-08,"DI1F28",13.3249237771409
2025-07-08,"DI1F28",13.3254337733928
2025-07-08,"DI1F29",13.3222351851844
2025-07-08,"DI1F29",13.322174230833
2025-07-08,"DI1F29",13.3412363734549
2025-07-08,"DI1F29",13.3299993519847
2025-07-08,"DI1F30",13.3716815050688
2025-07-08,"DI1F30",13.3699987310858
2025-07-08,"DI1F30",13.383001063542
2025-07-08,"DI1F30",13.4020015390851
2025-07-08,"DI1F31",13.4344080945447
2025-07-08,"DI1F32",13.4868304279997
2025-07-08,"DI1F33",13.4936481946252
2025-07-08,"DI1F34",13.4727353535954
2025-07-08,"DI1F35",13.4810357810243
2025-07-09,"DI1F27",14.2016508175559
2025-07-09,"DI1F27",13.9429971710714
2025-07-09,"DI1F27",13.7270031609677
2025-07-09,"DI1F27",13.5629988888886
2025-07-09,"DI1F28",13.4389197426063
2025-07-09,"DI1F28",13.3576866836158
2025-07-09,"DI1F28",13.3259491413077
2025-07-09,"DI1F28",13.3274619877819
2025-07-09,"DI1F29",13.3192463183769
2025-07-09,"DI1F29",13.3221901039538
2025-07-09,"DI1F29",13.3502614866699
2025-07-09,"DI1F29",13.3510012399557
2025-07-09,"DI1F30",13.3806991624187
2025-07-09,"DI1F30",13.3849980874327
2025-07-09,"DI1F30",13.4010000370194
2025-07-09,"DI1F30",13.4250020660081
2025-07-09,"DI1F31",13.4574319112151
2025-07-09,"DI1F32",13.521860303893
2025-07-09,"DI1F33",13.527673025957
2025-07-09,"DI1F34",13.5107607661328
2025-07-09,"DI1F35",13.5230609986655
2025-07-10,"DI1F27",14.3431945216851
2025-07-10,"DI1F27",14.1000004507255
2025-07-10,"DI1F27",13.8909964976924
2025-07-10,"DI1F27",13.7290023015548
2025-07-10,"DI1F28",13.6042563806404
2025-07-10,"DI1F28",13.5219870880036
2025-07-10,"DI1F28",13.4882207075174
2025-07-10,"DI1F28",13.4846982966341
2025-07-10,"DI1F29",13.4804752362108
2025-07-10,"DI1F29",13.4833992133653
2025-07-10,"DI1F29",13.5124579532542
2025-07-10,"DI1F29",13.508998945383
2025-07-10,"DI1F30",13.552884145004
2025-07-10,"DI1F30",13.5530003897818
2025-07-10,"DI1F30",13.5760003687592
2025-07-10,"DI1F30",13.5939978906346
2025-07-10,"DI1F31",13.6265782514162
2025-07-10,"DI1F32",13.6789723169285
2025-07-10,"DI1F33",13.6777676938397
2025-07-10,"DI1F34",13.6478356701763
2025-07-10,"DI1F35",13.6561255936376
2025-07-11,"DI1F27",14.3703811172092
2025-07-11,"DI1F27",14.1209974622691
2025-07-11,"DI1F27",13.9080026636581
2025-07-11,"DI1F27",13.7510021034081
2025-07-11,"DI1F28",13.6273336116868
2025-07-11,"DI1F28",13.539046553711
2025-07-11,"DI1F28",13.5002666001798
2025-07-11,"DI1F28",13.495734329633
2025-07-11,"DI1F29",13.4845005283637
2025-07-11,"DI1F29",13.4874228101302
2025-07-11,"DI1F29",13.5054647803397
2025-07-11,"DI1F29",13.5029983705851
2025-07-11,"DI1F30",13.5358790466872
2025-07-11,"DI1F30",13.5380013684009
2025-07-11,"DI1F30",13.5400015337274
2025-07-11,"DI1F30",13.5750013257826
2025-07-11,"DI1F31",13.6035697676222
2025-07-11,"DI1F32",13.655962552658
2025-07-11,"DI1F33",13.6537574087594
2025-07-11,"DI1F34",13.6218234432512
2025-07-11,"DI1F35",13.6171116575127
2025-07-14,"DI1F27",14.3474260860623
2025-07-14,"DI1F27",14.0969972563046
2025-07-14,"DI1F27",13.8910019232555
2025-07-14,"DI1F27",13.7339968234045
2025-07-14,"DI1F28",13.6223653738457
2025-07-14,"DI1F28",13.5420826289526
2025-07-14,"DI1F28",13.5113078788447
2025-07-14,"DI1F28",13.5117798109248
2025-07-14,"DI1F29",13.511552566538
2025-07-14,"DI1F29",13.5194751123242
2025-07-14,"DI1F29",13.5455238461377
2025-07-14,"DI1F29",13.5469981302261
2025-07-14,"DI1F30",13.5889450864201
2025-07-14,"DI1F30",13.593999476033
2025-07-14,"DI1F30",13.6140009403641
2025-07-14,"DI1F30",13.6379994786587
2025-07-14,"DI1F31",13.6786392420297
2025-07-14,"DI1F32",13.7330215381164
2025-07-14,"DI1F33",13.7588242539225
2025-07-14,"DI1F34",13.7368895399224
2025-07-14,"DI1F35",13.7421706225469
2025-07-15,"DI1F27",14.3976921093238
2025-07-15,"DI1F27",14.1620032920457
2025-07-15,"DI1F27",13.9799972495949
2025-07-15,"DI1F27",13.84600308485
2025-07-15,"DI1F28",13.7476320966452
2025-07-15,"DI1F28",13.6723271748088
2025-07-15,"DI1F28",13.647539311958
2025-07-15,"DI1F28",13.6550039192806
2025-07-15,"DI1F29",13.6487495140134
2025-07-15,"DI1F29",13.6646712249123
2025-07-15,"DI1F29",13.6866982057409
2025-07-15,"DI1F29",13.6939994657408
2025-07-15,"DI1F30",13.7381056171082
2025-07-15,"DI1F30",13.7430011519523
2025-07-15,"DI1F30",13.7610003236581
2025-07-15,"DI1F30",13.7839995017906
2025-07-15,"DI1F31",13.8227639048418
2025-07-15,"DI1F32",13.873124345981
2025-07-15,"DI1F33",13.8979135638586
2025-07-15,"DI1F34",13.8789686320132
2025-07-15,"DI1F35",13.8902434261758
2025-07-16,"DI1F27",14.4128579569539
2025-07-16,"DI1F27",14.1840035421698
2025-07-16,"DI1F27",14.0029970721879
2025-07-16,"DI1F27",13.8760027754096
2025-07-16,"DI1F28",13.7837337579978
2025-07-16,"DI1F28",13.723443133546
2025-07-16,"DI1F28",13.7086581231541
2025-07-16,"DI1F28",13.7161086438309
2025-07-16,"DI1F29",13.7198623141222
2025-07-16,"DI1F29",13.7337723686501
2025-07-16,"DI1F29",13.7608008693434
2025-07-16,"DI1F29",13.7659983831274
2025-07-16,"DI1F30",13.8091884229234
2025-07-16,"DI1F30",13.8189986828064
2025-07-16,"DI1F30",13.8389982147904
2025-07-16,"DI1F30",13.863000936186
2025-07-16,"DI1F31",13.9038375604802
2025-07-16,"DI1F32",13.9692006203903
2025-07-16,"DI1F33",13.9899737541209
2025-07-16,"DI1F34",13.9770214958147
2025-07-16,"DI1F35",13.9762878803432
2025-07-17,"DI1F27",14.3828736022841
2025-07-17,"DI1F27",14.1460031391668
2025-07-17,"DI1F27",13.9519966772812
2025-07-17,"DI1F27",13.8140004710906
2025-07-17,"DI1F28",13.7126442787014
2025-07-17,"DI1F28",13.6413379910845
2025-07-17,"DI1F28",13.6095358855441
2025-07-17,"DI1F28",13.6179977625291
2025-07-17,"DI1F29",13.6117400787596
2025-07-17,"DI1F29",13.6246537849325
2025-07-17,"DI1F29",13.6496855112364
2025-07-17,"DI1F29",13.6590004567585
2025-07-17,"DI1F30",13.7000923154774
2025-07-17,"DI1F30",13.7080016448635
2025-07-17,"DI1F30",13.7280011460239
2025-07-17,"DI1F30",13.7529999641094
2025-07-17,"DI1F31",13.791755775984
2025-07-17,"DI1F32",13.8541247680212
2025-07-17,"DI1F33",13.8649008601839
2025-07-17,"DI1F34",13.8449552995388
2025-07-17,"DI1F35",13.8482294164223
2025-07-18,"DI1F27",14.4211045135232
2025-07-18,"DI1F27",14.1880026204597
2025-07-18,"DI1F27",13.9940006795939
2025-07-18,"DI1F27",13.857998086164
2025-07-18,"DI1F28",13.7577640801712
2025-07-18,"DI1F28",13.6844384084079
2025-07-18,"DI1F28",13.6586386583362
2025-07-18,"DI1F28",13.6640853510211
2025-07-18,"DI1F29",13.6568212780737
2025-07-18,"DI1F29",13.670729005801
2025-07-18,"DI1F29",13.699759205626
2025-07-18,"DI1F29",13.7059992986416
2025-07-18,"DI1F30",13.7481546850295
2025-07-18,"DI1F30",13.7520001385307
2025-07-18,"DI1F30",13.7800010285121
2025-07-18,"DI1F30",13.7999995315784
2025-07-18,"DI1F31",13.8327966909616
2025-07-18,"DI1F32",13.8981603657107
2025-07-18,"DI1F33",13.9049290769212
2025-07-18,"DI1F34",13.8789787587502
2025-07-18,"DI1F35",13.8812480723814
2025-07-21,"DI1F27",14.3540160557333
2025-07-21,"DI1F27",14.1110020912476
2025-07-21,"DI1F27",13.9139976588447
2025-07-21,"DI1F27",13.8900401379139
2025-07-21,"DI1F27",13.7700030747075
2025-07-21,"DI1F28",13.6706448359098
2025-07-21,"DI1F28",13.6083457485536
2025-07-21,"DI1F28",13.590557003166
2025-07-21,"DI1F28",13.5950075684138
2025-07-21,"DI1F29",13.5917540887143
2025-07-21,"DI1F29",13.6116741983978
2025-07-21,"DI1F29",13.6336990702116
2025-07-21,"DI1F29",13.6560000925833
2025-07-21,"DI1F30",13.7031192643881
2025-07-21,"DI1F30",13.7119989693473
2025-07-21,"DI1F30",13.732998311374
2025-07-21,"DI1F30",13.7609994039243
2025-07-21,"DI1F31",13.8017802611667
2025-07-21,"DI1F32",13.8781531440707
2025-07-21,"DI1F33",13.8879243455492
2025-07-21,"DI1F34",13.8679744727208
2025-07-21,"DI1F35",13.8642436166615
2025-07-22,"DI1F27",14.2979538308797
2025-07-22,"DI1F27",14.0430002002643
2025-07-22,"DI1F27",13.8390000561133
2025-07-22,"DI1F27",13.8179380591657
2025-07-22,"DI1F27",13.6960001556342
2025-07-22,"DI1F28",13.5925386390302
2025-07-22,"DI1F28",13.5232367349642
2025-07-22,"DI1F28",13.5024512600163
2025-07-22,"DI1F28",13.5059037420796
2025-07-22,"DI1F29",13.5096673308757
2025-07-22,"DI1F29",13.5285863582249
2025-07-22,"DI1F29",13.558630477761
2025-07-22,"DI1F29",13.574001816251
2025-07-22,"DI1F30",13.62004773252
2025-07-22,"DI1F30",13.6329983393974
2025-07-22,"DI1F30",13.6540016050968
2025-07-22,"DI1F30",13.6889995989044
2025-07-22,"DI1F31",13.724723699801
2025-07-22,"DI1F32",13.7951008082833
2025-07-22,"DI1F33",13.8078803618253
2025-07-22,"DI1F34",13.7799324327194
2025-07-22,"DI1F35",13.7962136732087
2025-07-23,"DI1F27",14.26195676457
2025-07-23,"DI1F27",14.0069998131918
2025-07-23,"DI1F27",13.8069977253228
2025-07-23,"DI1F27",13.7859244429496
2025-07-23,"DI1F27",13.6700003861498
2025-07-23,"DI1F28",13.565524261383
2025-07-23,"DI1F28",13.5002283551145
2025-07-23,"DI1F28",13.4834492534835
2025-07-23,"DI1F28",13.4889067298419
2025-07-23,"DI1F29",13.4896605750348
2025-07-23,"DI1F29",13.510582620329
2025-07-23,"DI1F29",13.5486314371465
2025-07-23,"DI1F29",13.5619986181118
2025-07-23,"DI1F30",13.6130528551546
2025-07-23,"DI1F30",13.6260016414957
2025-07-23,"DI1F30",13.6500020746253
2025-07-23,"DI1F30",13.6899985179982
2025-07-23,"DI1F31",13.7317378751963
2025-07-23,"DI1F32",13.8131189995116
2025-07-23,"DI1F33",13.832899434091
2025-07-23,"DI1F34",13.8219567941141
2025-07-23,"DI1F35",13.8352345208492
2025-07-24,"DI1F27",14.2751144879675
2025-07-24,"DI1F27",14.0260025161807
2025-07-24,"DI1F27",13.8340031610092
2025-07-24,"DI1F27",13.814044136193
2025-07-24,"DI1F27",13.7029994892169
2025-07-24,"DI1F28",13.6026340844318
2025-07-24,"DI1F28",13.5403277833337
2025-07-24,"DI1F28",13.521530651086
2025-07-24,"DI1F28",13.5329902631007
2025-07-24,"DI1F29",13.5367389577333
2025-07-24,"DI1F29",13.558660330627
2025-07-24,"DI1F29",13.6027068455528
2025-07-24,"DI1F29",13.6159988423929
2025-07-24,"DI1F30",13.6681180520849
2025-07-24,"DI1F30",13.6849998204881
2025-07-24,"DI1F30",13.7100015203593
2025-07-24,"DI1F30",13.7539981675425
2025-07-24,"DI1F31",13.796797880556
2025-07-24,"DI1F32",13.8891758275954
2025-07-24,"DI1F33",13.9139545140905
2025-07-24,"DI1F34",13.9100090716281
2025-07-24,"DI1F35",13.9232808158364
2025-07-25,"DI1F27",14.2742336863278
2025-07-25,"DI1F27",14.0290018520879
2025-07-25,"DI1F27",13.8429962086206
2025-07-25,"DI1F27",13.828134375735
2025-07-25,"DI1F27",13.7159979130295
2025-07-25,"DI1F28",13.6177013086982
2025-07-25,"DI1F28",13.5563825893841
2025-07-25,"DI1F28",13.544593438604
2025-07-25,"DI1F28",13.5530415475107
2025-07-25,"DI1F29",13.5567882195606
2025-07-25,"DI1F29",13.5807041373796
2025-07-25,"DI1F29",13.6217462976781
2025-07-25,"DI1F29",13.6379985201313
2025-07-25,"DI1F30",13.6901509522211
2025-07-25,"DI1F30",13.7049978077612
2025-07-25,"DI1F30",13.7279983627016
2025-07-25,"DI1F30",13.7690008614832
2025-07-25,"DI1F31",13.8078162223434
2025-07-25,"DI1F32",13.8981887250545
2025-07-25,"DI1F33",13.927963892382
2025-07-25,"DI1F34",13.9150143041372
2025-07-25,"DI1F35",13.9272834875861
2025-07-28,"DI1F27",14.2592978994695
2025-07-28,"DI1F27",14.0130026388399
2025-07-28,"DI1F27",13.8219977283409
2025-07-28,"DI1F27",13.8061413719772
2025-07-28,"DI1F27",13.6969975712348
2025-07-28,"DI1F28",13.6007084472171
2025-07-28,"DI1F28",13.5403879190275
2025-07-28,"DI1F28",13.5285980236696
2025-07-28,"DI1F28",13.5380385067472
2025-07-28,"DI1F29",13.5497942886464
2025-07-28,"DI1F29",13.5697070254296
2025-07-28,"DI1F29",13.6117496579526
2025-07-28,"DI1F29",13.6269982545794
2025-07-28,"DI1F30",13.6751502486212
2025-07-28,"DI1F30",13.6929982282659
2025-07-28,"DI1F30",13.7179997310719
2025-07-28,"DI1F30",13.7569983558968
2025-07-28,"DI1F31",13.7968123675932
2025-07-28,"DI1F32",13.8921919302172
2025-07-28,"DI1F33",13.9109576790997
2025-07-28,"DI1F34",13.9110157009236
2025-07-28,"DI1F35",13.9242839798467
2025-07-29,"DI1F27",14.1932110621149
2025-07-29,"DI1F27",13.9360009180504
2025-07-29,"DI1F27",13.739000119359
2025-07-29,"DI1F27",13.7129866839105
2025-07-29,"DI1F27",13.5940022145595
2025-07-29,"DI1F28",13.4805229988655
2025-07-29,"DI1F28",13.4112045996804
2025-07-29,"DI1F28",13.387409689994
2025-07-29,"DI1F28",13.3898529219696
2025-07-29,"DI1F29",13.3845984510881
2025-07-29,"DI1F29",13.4045197629006
2025-07-29,"DI1F29",13.4405665186413
2025-07-29,"DI1F29",13.4560000869103
2025-07-29,"DI1F30",13.5029842437674
2025-07-29,"DI1F30",13.5189999083796
2025-07-29,"DI1F30",13.5419993594738
2025-07-29,"DI1F30",13.5819987280496
2025-07-29,"DI1F31",13.621677073936
2025-07-29,"DI1F32",13.7130711117052
2025-07-29,"DI1F33",13.7418601841581
2025-07-29,"DI1F34",13.7399261011377
2025-07-29,"DI1F35",13.7612081389774
2025-07-30,"DI1F27",14.269568987244
2025-07-30,"DI1F27",14.0120031565201
2025-07-30,"DI1F27",13.8099991749692
2025-07-30,"DI1F27",13.783202820217
2025-07-30,"DI1F27",13.6610014288213
2025-07-30,"DI1F28",13.5446796954699
2025-07-30,"DI1F28",13.4693372576892
2025-07-30,"DI1F28",13.44351953657
2025-07-30,"DI1F28",13.4439518209535
2025-07-30,"DI1F29",13.4366873263506
2025-07-30,"DI1F29",13.4525987090026
2025-07-30,"DI1F29",13.4876338893314
2025-07-30,"DI1F29",13.4980017860658
2025-07-30,"DI1F30",13.5500455549743
2025-07-30,"DI1F30",13.5589981741371
2025-07-30,"DI1F30",13.5789980445854
2025-07-30,"DI1F30",13.6139980564962
2025-07-30,"DI1F31",13.6527116201571
2025-07-30,"DI1F32",13.7400932238502
2025-07-30,"DI1F33",13.7818904618108
2025-07-30,"DI1F34",13.7789507021757
2025-07-30,"DI1F35",13.7942276173127
2025-07-31,"DI1F27",14.3930848349324
2025-07-31,"DI1F27",14.1530020507401
2025-07-31,"DI1F27",13.9539973755398
2025-07-31,"DI1F27",13.9275857981366
2025-07-31,"DI1F27",13.8069981598466
2025-07-31,"DI1F28",13.6949986110509
2025-07-31,"DI1F28",13.6166162828505
2025-07-31,"DI1F28",13.5907742871435
2025-07-31,"DI1F28",13.5911853898601
2025-07-31,"DI1F29",13.5848990755409
2025-07-31,"DI1F29",13.5947897514231
2025-07-31,"DI1F29",13.6328157954997
2025-07-31,"DI1F29",13.6370004040404
2025-07-31,"DI1F30",13.6811932242376
2025-07-31,"DI1F30",13.6869980867158
2025-07-31,"DI1F30",13.7040007854804
2025-07-31,"DI1F30",13.7359986198058
2025-07-31,"DI1F31",13.7698170666252
2025-07-31,"DI1F32",13.8561830167039
2025-07-31,"DI1F33",13.8729481576607
2025-07-31,"DI1F34",13.8690033645362
2025-07-31,"DI1F35",13.8752712623508
2025-08-01,"DI1F27",14.2387092296408
2025-08-01,"DI1F27",13.9869975057213
2025-08-01,"DI1F27",13.7879968679472
2025-08-01,"DI1F27",13.7662820011691
2025-08-01,"DI1F27",13.6459994564528
2025-08-01,"DI1F28",13.5397522367513
2025-08-01,"DI1F28",13.4663906278686
2025-08-01,"DI1F28",13.4425726254066
2025-08-01,"DI1F28",13.449006783827
2025-08-01,"DI1F29",13.4467398937064
2025-08-01,"DI1F29",13.4636460949039
2025-08-01,"DI1F29",13.5016826216639
2025-08-01,"DI1F29",13.5190009539538
2025-08-01,"DI1F30",13.5650846859953
2025-08-01,"DI1F30",13.5800001190395
2025-08-01,"DI1F30",13.6029986281718
2025-08-01,"DI1F30",13.6420007155978
2025-08-01,"DI1F31",13.670741923412
2025-08-01,"DI1F32",13.7621227329964
2025-08-01,"DI1F33",13.7929061968667
2025-08-01,"DI1F34",13.7979663596629
2025-08-01,"DI1F35",13.8002365298778
2025-08-04,"DI1F27",14.2007066355013
2025-08-04,"DI1F27",13.9420032773055
2025-08-04,"DI1F27",13.7359968463103
2025-08-04,"DI1F27",13.704204041227
2025-08-04,"DI1F27",13.5850007189508
2025-08-04,"DI1F28",13.4676554629277
2025-08-04,"DI1F28",13.3943034188869
2025-08-04,"DI1F28",13.3734930066708
2025-08-04,"DI1F28",13.3739232278144
2025-08-04,"DI1F29",13.3696587706636
2025-08-04,"DI1F29",13.3835655641096
2025-08-04,"DI1F29",13.4176009595209
2025-08-04,"DI1F29",13.4300008605391
2025-08-04,"DI1F30",13.4760071920417
2025-08-04,"DI1F30",13.4899990074052
2025-08-04,"DI1F30",13.510000971773
2025-08-04,"DI1F30",13.5389996950525
2025-08-04,"DI1F31",13.5816761794844
2025-08-04,"DI1F32",13.6630568337061
2025-08-04,"DI1F33",13.6978516531627
2025-08-04,"DI1F34",13.6889110804668
2025-08-04,"DI1F35",13.7021907768312
2025-08-05,"DI1F27",14.2008323791611
2025-08-05,"DI1F27",13.9459969883859
2025-08-05,"DI1F27",13.747997607648
2025-08-05,"DI1F27",13.7223037688802
2025-08-05,"DI1F27",13.6119975751527
2025-08-05,"DI1F28",13.4967489645214
2025-08-05,"DI1F28",13.4323983171161
2025-08-05,"DI1F28",13.4155851394654
2025-08-05,"DI1F28",13.4200076690125
2025-08-05,"DI1F29",13.4227488919579
2025-08-05,"DI1F29",13.4366449189097
2025-08-05,"DI1F29",13.4786851453649
2025-08-05,"DI1F29",13.4909997183163
2025-08-05,"DI1F30",13.5410835937356
2025-08-05,"DI1F30",13.5539999745895
2025-08-05,"DI1F30",13.5750009579089
2025-08-05,"DI1F30",13.6089999577292
2025-08-05,"DI1F31",13.6517395432832
2025-08-05,"DI1F32",13.7401196089147
2025-08-05,"DI1F33",13.7689000801949
2025-08-05,"DI1F34",13.7759613383539
2025-08-05,"DI1F35",13.7752291436955
2025-08-06,"DI1F27",14.1879130387456
2025-08-06,"DI1F27",13.9349992533249
2025-08-06,"DI1F27",13.7319991761065
2025-08-06,"DI1F27",13.7063215111658
2025-08-06,"DI1F27",13.5900008952096
2025-08-06,"DI1F28",13.478754243681
2025-08-06,"DI1F28",13.4013787417619
2025-08-06,"DI1F28",13.3775515603992
2025-08-06,"DI1F28",13.3839816207741
2025-08-06,"DI1F29",13.382713248523
2025-08-06,"DI1F29",13.3956132986608
2025-08-06,"DI1F29",13.4336485528013
2025-08-06,"DI1F29",13.4429990074782
2025-08-06,"DI1F30",13.4930469502969
2025-08-06,"DI1F30",13.5050015236822
2025-08-06,"DI1F30",13.5269998858672
2025-08-06,"DI1F30",13.5590012870556
2025-08-06,"DI1F31",13.6037097357914
2025-08-06,"DI1F32",13.6920914052832
2025-08-06,"DI1F33",13.7158687779773
2025-08-06,"DI1F34",13.713932242991
2025-08-06,"DI1F35",13.7192067615256
2025-08-07,"DI1F27",14.1318542759115
2025-08-07,"DI1F27",13.8709967167241
2025-08-07,"DI1F27",13.6700008419482
2025-08-07,"DI1F27",13.6432368195936
2025-08-07,"DI1F27",13.5249998701583
2025-08-07,"DI1F28",13.4036517542635
2025-08-07,"DI1F28",13.3202738180398
2025-08-07,"DI1F28",13.2924458350714
2025-08-07,"DI1F28",13.292875746438
2025-08-07,"DI1F29",13.2856031218171
2025-08-07,"DI1F29",13.295507161576
2025-08-07,"DI1F29",13.334548957682
2025-08-07,"DI1F29",13.3400015578296
2025-08-07,"DI1F30",13.3879491680407
2025-08-07,"DI1F30",13.3969999514589
2025-08-07,"DI1F30",13.417999175356
2025-08-07,"DI1F30",13.4499999177753
2025-08-07,"DI1F31",13.4906221066998
2025-08-07,"DI1F32",13.5800170724281
2025-08-07,"DI1F33",13.6128109557054
2025-08-07,"DI1F34",13.6078772562017
2025-08-07,"DI1F35",13.61716048283
2025-08-08,"DI1F27",14.1650851089034
2025-08-08,"DI1F27",13.9049961883131
2025-08-08,"DI1F27",13.6919975444658
2025-08-08,"DI1F27",13.6633442272975
2025-08-08,"DI1F27",13.5370022488392
2025-08-08,"DI1F28",13.4167150860575
2025-08-08,"DI1F28",13.3343301983178
2025-08-08,"DI1F28",13.3095009627804
2025-08-08,"DI1F28",13.3059175446544
2025-08-08,"DI1F29",13.2986433396251
2025-08-08,"DI1F29",13.308541648422
2025-08-08,"DI1F29",13.345577648195
2025-08-08,"DI1F29",13.3530021658288
2025-08-08,"DI1F30",13.4019784248156
2025-08-08,"DI1F30",13.4099988866878
2025-08-08,"DI1F30",13.4320003022252
2025-08-08,"DI1F30",13.4620004900293
2025-08-08,"DI1F31",13.5046438205921
2025-08-08,"DI1F32",13.5990339540646
2025-08-08,"DI1F33",13.6178190013501
2025-08-08,"DI1F34",13.6108845038498
2025-08-08,"DI1F35",13.61616122333
2025-08-11,"DI1F27",14.1220602918656
2025-08-11,"DI1F27",13.8519970786915
2025-08-11,"DI1F27",13.6300002878113
2025-08-11,"DI1F27",13.5972548424591
2025-08-11,"DI1F27",13.4639970307321
2025-08-11,"DI1F28",13.3376098046647
2025-08-11,"DI1F28",13.2552264375004
2025-08-11,"DI1F28",13.2273982485122
2025-08-11,"DI1F28",13.2198149113535
2025-08-11,"DI1F29",13.2095440238729
2025-08-11,"DI1F29",13.2214501087903
2025-08-11,"DI1F29",13.2574905609474
2025-08-11,"DI1F29",13.2640014598289
2025-08-11,"DI1F30",13.3128987670258
2025-08-11,"DI1F30",13.3229986691848
2025-08-11,"DI1F30",13.3420000530885
2025-08-11,"DI1F30",13.3730009058389
2025-08-11,"DI1F31",13.4125740764168
2025-08-11,"DI1F32",13.504976260862
2025-08-11,"DI1F33",13.5287688398711
2025-08-11,"DI1F34",13.5268427697502
2025-08-11,"DI1F35",13.5341253818243
2025-08-12,"DI1F27",14.0068127877699
2025-08-12,"DI1F27",13.7280022977189
2025-08-12,"DI1F27",13.5059972881234
2025-08-12,"DI1F27",13.4740295813737
2025-08-12,"DI1F27",13.3460029739134
2025-08-12,"DI1F28",13.2204252587753
2025-08-12,"DI1F28",13.1410671794218
2025-08-12,"DI1F28",13.1132516336226
2025-08-12,"DI1F28",13.1146855861567
2025-08-12,"DI1F29",13.1114336485985
2025-08-12,"DI1F29",13.1243434223993
2025-08-12,"DI1F29",13.1613944663396
2025-08-12,"DI1F29",13.1759994505999
2025-08-12,"DI1F30",13.2268196056328
2025-08-12,"DI1F30",13.2429982471841
2025-08-12,"DI1F30",13.269001912327
2025-08-12,"DI1F30",13.3109997714942
2025-08-12,"DI1F31",13.350527630095
2025-08-12,"DI1F32",13.4549447602079
2025-08-12,"DI1F33",13.4877474266305
2025-08-12,"DI1F34",13.4958305146282
2025-08-12,"DI1F35",13.5121177112331
2025-08-13,"DI1F27",13.9738259006672
2025-08-13,"DI1F27",13.708999760529
2025-08-13,"DI1F27",13.4979971077416
2025-08-13,"DI1F27",13.471084375337
2025-08-13,"DI1F27",13.3560033564086
2025-08-13,"DI1F28",13.2435132580884
2025-08-13,"DI1F28",13.1801682702094
2025-08-13,"DI1F28",13.1593475765472
2025-08-13,"DI1F28",13.1737954315388
2025-08-13,"DI1F29",13.1695289980312
2025-08-13,"DI1F29",13.1954512250667
2025-08-13,"DI1F29",13.2405000859205
2025-08-13,"DI1F29",13.2539987268063
2025-08-13,"DI1F30",13.3079159942254
2025-08-13,"DI1F30",13.3270011236742
2025-08-13,"DI1F30",13.3569999934124
2025-08-13,"DI1F30",13.3980004314407
2025-08-13,"DI1F31",13.4386123300779
2025-08-13,"DI1F32",13.5440128751817
2025-08-13,"DI1F33",13.5708036104825
2025-08-13,"DI1F34",13.5718742005003
2025-08-13,"DI1F35",13.5901561808356
2025-08-14,"DI1F27",13.9859972170828
2025-08-14,"DI1F27",13.7159987235557
2025-08-14,"DI1F27",13.494996356196
2025-08-14,"DI1F27",13.4701414418377
2025-08-14,"DI1F27",13.3489969023494
2025-08-14,"DI1F28",13.2315261086453
2025-08-14,"DI1F28",13.1631670864942
2025-08-14,"DI1F28",13.1453543592509
2025-08-14,"DI1F28",13.1517853421018
2025-08-14,"DI1F29",13.1485222152671
2025-08-14,"DI1F29",13.1714383268431
2025-08-14,"DI1F29",13.2204915239796
2025-08-14,"DI1F29",13.2320006056772
2025-08-14,"DI1F30",13.2889094300106
2025-08-14,"DI1F30",13.3050020133537
2025-08-14,"DI1F30",13.3310017913527
2025-08-14,"DI1F30",13.3759988367379
2025-08-14,"DI1F31",13.4135978768875
2025-08-14,"DI1F32",13.5220027403715
2025-08-14,"DI1F33",13.5618035992282
2025-08-14,"DI1F34",13.559869037973
2025-08-14,"DI1F35",13.5631443237106
2025-08-15,"DI1F27",13.9590249653616
2025-08-15,"DI1F27",13.6859985300241
2025-08-15,"DI1F27",13.4720021371921
2025-08-15,"DI1F27",13.4471473472777
2025-08-15,"DI1F27",13.3270008758499
2025-08-15,"DI1F28",13.2135298146234
2025-08-15,"DI1F28",13.1421648198547
2025-08-15,"DI1F28",13.1223463204436
2025-08-15,"DI1F28",13.1287743373537
2025-08-15,"DI1F29",13.1255101191655
2025-08-15,"DI1F29",13.1454239530388
2025-08-15,"DI1F29",13.189470796741
2025-08-15,"DI1F29",13.2029981691151
2025-08-15,"DI1F30",13.2558864870771
2025-08-15,"DI1F30",13.2769982318703
2025-08-15,"DI1F30",13.3060008789216
2025-08-15,"DI1F30",13.3479988430638
2025-08-15,"DI1F31",13.385583242979
2025-08-15,"DI1F32",13.4979932386105
2025-08-15,"DI1F33",13.5327877010746
2025-08-15,"DI1F34",13.5268550679036
2025-08-15,"DI1F35",13.5591449942661
2025-08-18,"DI1F27",13.9962787157454
2025-08-18,"DI1F27",13.7340012562363
2025-08-18,"DI1F27",13.5250029488422
2025-08-18,"DI1F27",13.5033366154778
2025-08-18,"DI1F27",13.3899999951119
2025-08-18,"DI1F28",13.2857108834346
2025-08-18,"DI1F28",13.2193302618299
2025-08-18,"DI1F28",13.2034981887272
2025-08-18,"DI1F28",13.2119175364113
2025-08-18,"DI1F29",13.2126447231013
2025-08-18,"DI1F29",13.2345507380071
2025-08-18,"DI1F29",13.2835967616206
2025-08-18,"DI1F29",13.2969984084866
2025-08-18,"DI1F30",13.3539999884788
2025-08-18,"DI1F30",13.3729991229286
2025-08-18,"DI1F30",13.3999985939194
2025-08-18,"DI1F30",13.4469980622419
2025-08-18,"DI1F31",13.487676231817
2025-08-18,"DI1F32",13.5980686602625
2025-08-18,"DI1F33",13.629851267598
2025-08-18,"DI1F34",13.6319159016375
2025-08-18,"DI1F35",13.6451900453311
2025-08-19,"DI1F27",14.1569268099704
2025-08-19,"DI1F27",13.918998829142
2025-08-19,"DI1F27",13.7309976524014
2025-08-19,"DI1F27",13.7138838130564
2025-08-19,"DI1F27",13.6060031397646
2025-08-19,"DI1F28",13.5171881870847
2025-08-19,"DI1F28",13.4567645241161
2025-08-19,"DI1F28",13.446906045716
2025-08-19,"DI1F28",13.4592947275141
2025-08-19,"DI1F29",13.4630001743516
2025-08-19,"DI1F29",13.4848774886952
2025-08-19,"DI1F29",13.5339027347504
2025-08-19,"DI1F29",13.5459994777211
2025-08-19,"DI1F30",13.6002637189421
2025-08-19,"DI1F30",13.6159997169049
2025-08-19,"DI1F30",13.6410004863774
2025-08-19,"DI1F30",13.6780009459671
2025-08-19,"DI1F31",13.7168763954347
2025-08-19,"DI1F32",13.815229025725
2025-08-19,"DI1F33",13.840986125644
2025-08-19,"DI1F34",13.8420295786092
2025-08-19,"DI1F35",13.8392855227098
2025-08-20,"DI1F27",14.0767947188341
2025-08-20,"DI1F27",13.8200025228317
2025-08-20,"DI1F27",13.6190013709892
2025-08-20,"DI1F27",13.5986785304399
2025-08-20,"DI1F27",13.4840006150047
2025-08-20,"DI1F28",13.3829719068637
2025-08-20,"DI1F28",13.3255748031145
2025-08-20,"DI1F28",13.3187327125573
2025-08-20,"DI1F28",13.3381436462231
2025-08-20,"DI1F29",13.3478665403636
2025-08-20,"DI1F29",13.3767625897633
2025-08-20,"DI1F29",13.4257918508271
2025-08-20,"DI1F29",13.4520001979903
2025-08-20,"DI1F30",13.511185744384
2025-08-20,"DI1F30",13.5320020990632
2025-08-20,"DI1F30",13.5630000233092
2025-08-20,"DI1F30",13.6010010409897
2025-08-20,"DI1F31",13.64782725382
2025-08-20,"DI1F32",13.7481868926719
2025-08-20,"DI1F33",13.7889584311541
2025-08-20,"DI1F34",13.8000130586353
2025-08-20,"DI1F35",13.8082749675278
2025-08-21,"DI1F27",14.1321072352098
2025-08-21,"DI1F27",13.8880025618868
2025-08-21,"DI1F27",13.6929978897288
2025-08-21,"DI1F27",13.6739135825275
2025-08-21,"DI1F27",13.566000676719
2025-08-21,"DI1F28",13.4621607013695
2025-08-21,"DI1F28",13.4087495400597
2025-08-21,"DI1F28",13.4058951730438
2025-08-21,"DI1F28",13.4292979790274
2025-08-21,"DI1F29",13.4440133955667
2025-08-21,"DI1F29",13.4799073279726
2025-08-21,"DI1F29",13.5409400634826
2025-08-21,"DI1F29",13.566000485946
2025-08-21,"DI1F30",13.63031891565
2025-08-21,"DI1F30",13.6560006926559
2025-08-21,"DI1F30",13.6909996531404
2025-08-21,"DI1F30",13.7340015512919
2025-08-21,"DI1F31",13.7809446742288
2025-08-21,"DI1F32",13.8962957178935
2025-08-21,"DI1F33",13.9380539911038
2025-08-21,"DI1F34",13.94509213394
2025-08-21,"DI1F35",13.949344756229
2025-08-22,"DI1F27",14.0028060066238
2025-08-22,"DI1F27",13.7500009156329
2025-08-22,"DI1F27",13.5489978593388
2025-08-22,"DI1F27",13.5276352585679
2025-08-22,"DI1F27",13.4170011519079
2025-08-22,"DI1F28",13.3159266861306
2025-08-22,"DI1F28",13.255518826422
2025-08-22,"DI1F28",13.250681694657
2025-08-22,"DI1F28",13.2740991124576
2025-08-22,"DI1F29",13.2868257838208
2025-08-22,"DI1F29",13.3237303722623
2025-08-22,"DI1F29",13.3857734670553
2025-08-22,"DI1F29",13.4109987919736
2025-08-22,"DI1F30",13.4731708453596
2025-08-22,"DI1F30",13.502997985224
2025-08-22,"DI1F30",13.5440018254467
2025-08-22,"DI1F30",13.5830009846111
2025-08-22,"DI1F31",13.6368330115492
2025-08-22,"DI1F32",13.7672105142572
2025-08-22,"DI1F33",13.8149816171373
2025-08-22,"DI1F34",13.8330357422426
2025-08-22,"DI1F35",13.8513020007196
2025-08-25,"DI1F27",13.9628015180068
2025-08-25,"DI1F27",13.7059984384249
2025-08-25,"DI1F27",13.503997331752
2025-08-25,"DI1F27",13.4755770261087
2025-08-25,"DI1F27",13.3640010833362
2025-08-25,"DI1F28",13.2628645767709
2025-08-25,"DI1F28",13.1994603586176
2025-08-25,"DI1F28",13.1906111652009
2025-08-25,"DI1F28",13.2090273910244
2025-08-25,"DI1F29",13.2207528224352
2025-08-25,"DI1F29",13.2556614479384
2025-08-25,"DI1F29",13.3187130142161
2025-08-25,"DI1F29",13.342999015653
2025-08-25,"DI1F30",13.4071119379821
2025-08-25,"DI1F30",13.4350004337545
2025-08-25,"DI1F30",13.4770007593075
2025-08-25,"DI1F30",13.5180013713691
2025-08-25,"DI1F31",13.5727875961378
2025-08-25,"DI1F32",13.7081760907021
2025-08-25,"DI1F33",13.762955709455
2025-08-25,"DI1F34",13.7780116216574
2025-08-25,"DI1F35",13.8052792559436
2025-08-26,"DI1F27",14.0241395653234
2025-08-26,"DI1F27",13.7770010557076
2025-08-26,"DI1F27",13.5729978495164
2025-08-26,"DI1F27",13.546802935275
2025-08-26,"DI1F27",13.4290019777225
2025-08-26,"DI1F28",13.3240244988476
2025-08-26,"DI1F28",13.2575932204869
2025-08-26,"DI1F28",13.2437240628223
2025-08-26,"DI1F28",13.2621264212712
2025-08-26,"DI1F29",13.2628340491514
2025-08-26,"DI1F29",13.2977347601191
2025-08-26,"DI1F29",13.3567722576091
2025-08-26,"DI1F29",13.3740006799811
2025-08-26,"DI1F30",13.4311492839257
2025-08-26,"DI1F30",13.4639986377442
2025-08-26,"DI1F30",13.5030012409687
2025-08-26,"DI1F30",13.5459994631804
2025-08-26,"DI1F31",13.5978162763722
2025-08-26,"DI1F32",13.7211886280263
2025-08-26,"DI1F33",13.7759686049727
2025-08-26,"DI1F34",13.7930200691479
2025-08-26,"DI1F35",13.8102866143187
2025-08-27,"DI1F27",14.0122256234904
2025-08-27,"DI1F27",13.7589964627209
2025-08-27,"DI1F27",13.55499890282
2025-08-27,"DI1F27",13.5268164195843
2025-08-27,"DI1F27",13.4180034149111
2025-08-27,"DI1F28",13.3060311322913
2025-08-27,"DI1F28",13.2375873019408
2025-08-27,"DI1F28",13.2297284839311
2025-08-27,"DI1F28",13.2501360817064
2025-08-27,"DI1F29",13.2568413825467
2025-08-27,"DI1F29",13.2947464231037
2025-08-27,"DI1F29",13.3597903100992
2025-08-27,"DI1F29",13.3830016848358
2025-08-27,"DI1F30",13.4471784127595
2025-08-27,"DI1F30",13.4789992849787
2025-08-27,"DI1F30",13.5230009247133
2025-08-27,"DI1F30",13.5690009026675
2025-08-27,"DI1F31",13.6258495992345
2025-08-27,"DI1F32",13.7622267693841
2025-08-27,"DI1F33",13.8179968167045
2025-08-27,"DI1F34",13.8430501212663
2025-08-27,"DI1F35",13.8553088046215
2025-08-28,"DI1F27",13.9822601253587
2025-08-28,"DI1F27",13.7200009516176
2025-08-28,"DI1F27",13.5090011330606
2025-08-28,"DI1F27",13.4777661786974
2025-08-28,"DI1F27",13.3609980771741
2025-08-28,"DI1F28",13.2409421109739
2025-08-28,"DI1F28",13.1604863647584
2025-08-28,"DI1F28",13.1426211831053
2025-08-28,"DI1F28",13.1560196746109
2025-08-28,"DI1F29",13.1537254313111
2025-08-28,"DI1F29",13.1886318671669
2025-08-28,"DI1F29",13.2376649399048
2025-08-28,"DI1F29",13.2540002401643
2025-08-28,"DI1F30",13.3070463529642
2025-08-28,"DI1F30",13.3299990442065
2025-08-28,"DI1F30",13.3730017604939
2025-08-28,"DI1F30",13.4089997479305
2025-08-28,"DI1F31",13.4597161574367
2025-08-28,"DI1F32",13.5881069795154
2025-08-28,"DI1F33",13.6388931818555
2025-08-28,"DI1F34",13.6539518428585
2025-08-28,"DI1F35",13.6722243262619
2025-08-29,"DI1F27",14.0094797782174
2025-08-29,"DI1F27",13.7600044052102
2025-08-29,"DI1F27",13.5550024410911
2025-08-29,"DI1F27",13.5339544933252
2025-08-29,"DI1F27",13.4099975938127
2025-08-29,"DI1F28",13.2950895695751
2025-08-29,"DI1F28",13.2236299347888
2025-08-29,"DI1F28",13.2037440286658
2025-08-29,"DI1F28",13.2241430875399
2025-08-29,"DI1F29",13.2178324572413
2025-08-29,"DI1F29",13.2467217167972
2025-08-29,"DI1F29",13.2977502919343
2025-08-29,"DI1F29",13.3130014553538
2025-08-29,"DI1F30",13.3651195909595
2025-08-29,"DI1F30",13.3870002319687
2025-08-29,"DI1F30",13.4299989260058
2025-08-29,"DI1F30",13.4629980873314
2025-08-29,"DI1F31",13.5107652128164
2025-08-29,"DI1F32",13.6361463602411
2025-08-29,"DI1F33",13.6799208910471
2025-08-29,"DI1F34",13.6969780050121
2025-08-29,"DI1F35",13.7112457865065
2025-09-01,"DI1F27",13.9805122949002
2025-09-01,"DI1F27",13.7310004501243
2025-09-01,"DI1F27",13.5329968289216
2025-09-01,"DI1F27",13.5079554398819
2025-09-01,"DI1F27",13.3960003831711
2025-09-01,"DI1F28",13.293129255677
2025-09-01,"DI1F28",13.2296729835829
2025-09-01,"DI1F28",13.2197979287553
2025-09-01,"DI1F28",13.2381847408473
2025-09-01,"DI1F29",13.2428860701323
2025-09-01,"DI1F29",13.2767777891223
2025-09-01,"DI1F29",13.3318059803458
2025-09-01,"DI1F29",13.3520013935999
2025-09-01,"DI1F30",13.4101772875677
2025-09-01,"DI1F30",13.4319986598123
2025-09-01,"DI1F30",13.4729995668228
2025-09-01,"DI1F30",13.5139990541189
2025-09-01,"DI1F31",13.566823203221
2025-09-01,"DI1F32",13.6951941380028
2025-09-01,"DI1F33",13.7419641479843
2025-09-01,"DI1F34",13.7550136603732
2025-09-01,"DI1F35",13.7692768731964
2025-09-02,"DI1F27",14.0348262957676
2025-09-02,"DI1F27",13.7920031118667
2025-09-02,"DI1F27",13.595998337319
2025-09-02,"DI1F27",13.575175514231
2025-09-02,"DI1F27",13.4690031290929
2025-09-02,"DI1F28",13.3683134523453
2025-09-02,"DI1F28",13.3018344890162
2025-09-02,"DI1F28",13.3039583468159
2025-09-02,"DI1F28",13.3273407115073
2025-09-02,"DI1F29",13.3410382989212
2025-09-02,"DI1F29",13.373917331125
2025-09-02,"DI1F29",13.4379453127269
2025-09-02,"DI1F29",13.4539984936082
2025-09-02,"DI1F30",13.5132946380648
2025-09-02,"DI1F30",13.5340021442626
2025-09-02,"DI1F30",13.5749981068605
2025-09-02,"DI1F30",13.6160015948246
2025-09-02,"DI1F31",13.6709194959854
2025-09-02,"DI1F32",13.7942708882168
2025-09-02,"DI1F33",13.8460306563859
2025-09-02,"DI1F34",13.8580751370093
2025-09-02,"DI1F35",13.8723283786984
2025-09-03,"DI1F27",14.0440008810584
2025-09-03,"DI1F27",13.7990042670806
2025-09-03,"DI1F27",13.6050011423331
2025-09-03,"DI1F27",13.5832601138774
2025-09-03,"DI1F27",13.4750007471381
2025-09-03,"DI1F28",13.374364701498
2025-09-03,"DI1F28",13.3128865992612
2025-09-03,"DI1F28",13.308995244713
2025-09-03,"DI1F28",13.3283667586142
2025-09-03,"DI1F29",13.337051503517
2025-09-03,"DI1F29",13.3709325284605
2025-09-03,"DI1F29",13.4349575643339
2025-09-03,"DI1F29",13.4469978961143
2025-09-03,"DI1F30",13.5032972364627
2025-09-03,"DI1F30",13.5260011675883
2025-09-03,"DI1F30",13.5649999371948
2025-09-03,"DI1F30",13.6049994264908
2025-09-03,"DI1F31",13.6559155425441
2025-09-03,"DI1F32",13.7772656276097
2025-09-03,"DI1F33",13.8230228262026
2025-09-03,"DI1F34",13.837063965082
2025-09-03,"DI1F35",13.8513206087353
2025-09-04,"DI1F27",14.0180464508835
2025-09-04,"DI1F27",13.7730006643744
2025-09-04,"DI1F27",13.5769962794448
2025-09-04,"DI1F27",13.5562575810233
2025-09-04,"DI1F27",13.4490029835977
2025-09-04,"DI1F28",13.3443509913284
2025-09-04,"DI1F28",13.2868726136869
2025-09-04,"DI1F28",13.2779711616687
2025-09-04,"DI1F28",13.300351117242
2025-09-04,"DI1F29",13.3080329106333
2025-09-04,"DI1F29",13.3509246733654
2025-09-04,"DI1F29",13.4049364857006
2025-09-04,"DI1F29",13.4269983400375
2025-09-04,"DI1F30",13.4842900534666
2025-09-04,"DI1F30",13.5060016754408
2025-09-04,"DI1F30",13.546001145018
2025-09-04,"DI1F30",13.5870013198817
2025-09-04,"DI1F31",13.6399077376665
2025-09-04,"DI1F32",13.7692653590195
2025-09-04,"DI1F33",13.8260282286432
2025-09-04,"DI1F34",13.8430706125701
2025-09-04,"DI1F35",13.8683317642246
2025-09-05,"DI1F27",13.9770388685221
2025-09-05,"DI1F27",13.7209965708936
2025-09-05,"DI1F27",13.5140021709775
2025-09-05,"DI1F27",13.4911676036396
2025-09-05,"DI1F27",13.3769999908395
2025-09-05,"DI1F28",13.2652366344101
2025-09-05,"DI1F28",13.2027598995174
2025-09-05,"DI1F28",13.1868590260287
2025-09-05,"DI1F28",13.2092372965737
2025-09-05,"DI1F29",13.2089231305995
2025-09-05,"DI1F29",13.2438066653594
2025-09-05,"DI1F29",13.3028332193811
2025-09-05,"DI1F29",13.3179978301646
2025-09-05,"DI1F30",13.3721882482853
2025-09-05,"DI1F30",13.3920007100453
2025-09-05,"DI1F30",13.4339993621166
2025-09-05,"DI1F30",13.4740016721817
2025-09-05,"DI1F31",13.5228193630655
2025-09-05,"DI1F32",13.6561893461763
2025-09-05,"DI1F33",13.7129636402154
2025-09-05,"DI1F34",13.734016186692
2025-09-05,"DI1F35",13.7572806623861
2025-09-08,"DI1F27",13.9691509203155
2025-09-08,"DI1F27",13.7170029839314
2025-09-08,"DI1F27",13.515001945729
2025-09-08,"DI1F27",13.4932361422647
2025-09-08,"DI1F27",13.374000725969
2025-09-08,"DI1F28",13.2652822982219
2025-09-08,"DI1F28",13.1957859672271
2025-09-08,"DI1F28",13.1828776383689
2025-09-08,"DI1F28",13.1972439112443
2025-09-08,"DI1F29",13.1959216380431
2025-09-08,"DI1F29",13.2308060190171
2025-09-08,"DI1F29",13.2798224026174
2025-09-08,"DI1F29",13.2969995957741
2025-09-08,"DI1F30",13.3461696438701
2025-09-08,"DI1F30",13.3670013673435
2025-09-08,"DI1F30",13.4069983396324
2025-09-08,"DI1F30",13.4450017068168
2025-09-08,"DI1F31",13.4897993166268
2025-09-08,"DI1F32",13.6121638691283
2025-09-08,"DI1F33",13.6669400891908
2025-09-08,"DI1F34",13.6899972383423
2025-09-08,"DI1F35",13.7092632061649
2025-09-09,"DI1F27",14.0054097931124
2025-09-09,"DI1F27",13.7549998991499
2025-09-09,"DI1F27",13.5539982524947
2025-09-09,"DI1F27",13.5263809870149
2025-09-09,"DI1F27",13.4119986576617
2025-09-09,"DI1F28",13.2973833036391
2025-09-09,"DI1F28",13.223868275783
2025-09-09,"DI1F28",13.2069463761881
2025-09-09,"DI1F28",13.2163000241261
2025-09-09,"DI1F29",13.2109654162477
2025-09-09,"DI1F29",13.2408384357344
2025-09-09,"DI1F29",13.2898489199248
2025-09-09,"DI1F29",13.2999983746268
2025-09-09,"DI1F30",13.346183542868
2025-09-09,"DI1F30",13.3640000319179
2025-09-09,"DI1F30",13.4000008085733
2025-09-09,"DI1F30",13.435000883447
2025-09-09,"DI1F31",13.4777960613508
2025-09-09,"DI1F32",13.599159888508
2025-09-09,"DI1F33",13.6439280916672
2025-09-09,"DI1F34",13.659982792289
2025-09-09,"DI1F35",13.6742488957003
2025-09-10,"DI1F27",14.0476981988945
2025-09-10,"DI1F27",13.7890035103904
2025-09-10,"DI1F27",13.5740024965291
2025-09-10,"DI1F27",13.5454920579029
2025-09-10,"DI1F27",13.4270002481112
2025-09-10,"DI1F28",13.3064459932969
2025-09-10,"DI1F28",13.2299100023811
2025-09-10,"DI1F28",13.206971715791
2025-09-10,"DI1F28",13.2103135927285
2025-09-10,"DI1F29",13.2049783859921
2025-09-10,"DI1F29",13.2288428733088
2025-09-10,"DI1F29",13.2758494212797
2025-09-10,"DI1F29",13.2809997842957
2025-09-10,"DI1F30",13.3271782229072
2025-09-10,"DI1F30",13.339998657821
2025-09-10,"DI1F30",13.3769995145702
2025-09-10,"DI1F30",13.4070000754967
2025-09-10,"DI1F31",13.4517828495129
2025-09-10,"DI1F32",13.5711456682892
2025-09-10,"DI1F33",13.6139151298068
2025-09-10,"DI1F34",13.625968330429
2025-09-10,"DI1F35",13.6462384248481
2025-09-11,"DI1F27",14.0628878148976
2025-09-11,"DI1F27",13.7960025498671
2025-09-11,"DI1F27",13.5759985557217
2025-09-11,"DI1F27",13.5475611089582
2025-09-11,"DI1F27",13.4169975291876
2025-09-11,"DI1F28",13.296469160641
2025-09-11,"DI1F28",13.2159236610917
2025-09-11,"DI1F28",13.1909779892214
2025-09-11,"DI1F28",13.1953142746568
2025-09-11,"DI1F29",13.1819634131146
2025-09-11,"DI1F29",13.2088355357861
2025-09-11,"DI1F29",13.2508344083544
2025-09-11,"DI1F29",13.2580010409007
2025-09-11,"DI1F30",13.3011623669238
2025-09-11,"DI1F30",13.3119991297757
2025-09-11,"DI1F30",13.3450004457951
2025-09-11,"DI1F30",13.3749993564405
2025-09-11,"DI1F31",13.4197604081449
2025-09-11,"DI1F32",13.5291229147805
2025-09-11,"DI1F33",13.5668890103384
2025-09-11,"DI1F34",13.5729416122038
2025-09-11,"DI1F35",13.581209633164
2025-09-12,"DI1F27",14.0680475353891
2025-09-12,"DI1F27",13.8070002643583
2025-09-12,"DI1F27",13.5950006342392
2025-09-12,"DI1F27",13.5676743245321
2025-09-12,"DI1F27",13.4419977765498
2025-09-12,"DI1F28",13.3265697795817
2025-09-12,"DI1F28",13.2460107064006
2025-09-12,"DI1F28",13.2260630234628
2025-09-12,"DI1F28",13.2313929646495
2025-09-12,"DI1F29",13.2230406498977
2025-09-12,"DI1F29",13.2489002368002
2025-09-12,"DI1F29",13.2918995309389
2025-09-12,"DI1F29",13.295999246961
2025-09-12,"DI1F30",13.3382111826583
2025-09-12,"DI1F30",13.3469988600679
2025-09-12,"DI1F30",13.3800013821699
2025-09-12,"DI1F30",13.4099988034845
2025-09-12,"DI1F31",13.4528005243571
2025-09-12,"DI1F32",13.5521433703997
2025-09-12,"DI1F33",13.5849073273405
2025-09-12,"DI1F34",13.5849506158324
2025-09-12,"DI1F35",13.5882129070013
2025-09-15,"DI1F27",14.0310616042469
2025-09-15,"DI1F27",13.7630004456712
2025-09-15,"DI1F27",13.5439984862192
2025-09-15,"DI1F27",13.5136092432415
2025-09-15,"DI1F27",13.3869982955708
2025-09-15,"DI1F28",13.2604835981904
2025-09-15,"DI1F28",13.1789262141457
2025-09-15,"DI1F28",13.1499669481083
2025-09-15,"DI1F28",13.157304582128
2025-09-15,"DI1F29",13.1409528614525
2025-09-15,"DI1F29",13.1678149167957
2025-09-15,"DI1F29",13.2158218813611
2025-09-15,"DI1F29",13.2130009717145
2025-09-15,"DI1F30",13.2561377405384
2025-09-15,"DI1F30",13.2649982864814
2025-09-15,"DI1F30",13.2959989381717
2025-09-15,"DI1F30",13.3230002332726
2025-09-15,"DI1F31",13.3727391662596
2025-09-15,"DI1F32",13.4690903304889
2025-09-15,"DI1F33",13.504860769321
2025-09-15,"DI1F34",13.5009084347794
2025-09-15,"DI1F35",13.5151815487065
2025-09-16,"DI1F27",14.0011013231873
2025-09-16,"DI1F27",13.7319987796467
2025-09-16,"DI1F27",13.509000672913
2025-09-16,"DI1F27",13.4775894502449
2025-09-16,"DI1F27",13.3469993424766
2025-09-16,"DI1F28",13.2144320819344
2025-09-16,"DI1F28",13.1268699182461
2025-09-16,"DI1F28",13.1019190894439
2025-09-16,"DI1F28",13.1022509368368
2025-09-16,"DI1F29",13.0858986055075
2025-09-16,"DI1F29",13.1057579995996
2025-09-16,"DI1F29",13.1427496620693
2025-09-16,"DI1F29",13.1429977346322
2025-09-16,"DI1F30",13.1800698007838
2025-09-16,"DI1F30",13.1790007098875
2025-09-16,"DI1F30",13.2109988570853
2025-09-16,"DI1F30",13.2439991094624
2025-09-16,"DI1F31",13.2786680303621
2025-09-16,"DI1F32",13.374027567459
2025-09-16,"DI1F33",13.4068066358825
2025-09-16,"DI1F34",13.417868405947
2025-09-16,"DI1F35",13.4201371422909
2025-09-17,"DI1F27",13.9751504469092
2025-09-17,"DI1F27",13.6979982294733
2025-09-17,"DI1F27",13.4780013540314
2025-09-17,"DI1F27",13.4475786050846
2025-09-17,"DI1F27",13.3149967280654
2025-09-17,"DI1F28",13.188429266512
2025-09-17,"DI1F28",13.0878363560357
2025-09-17,"DI1F28",13.0729036612987
2025-09-17,"DI1F28",13.0752334216793
2025-09-17,"DI1F29",13.0568779561321
2025-09-17,"DI1F29",13.0757343578152
2025-09-17,"DI1F29",13.1067267863564
2025-09-17,"DI1F29",13.1099982396111
2025-09-17,"DI1F30",13.1440474271308
2025-09-17,"DI1F30",13.1539994126759
2025-09-17,"DI1F30",13.1719996221749
2025-09-17,"DI1F30",13.2040004056009
2025-09-17,"DI1F31",13.2346386977212
2025-09-17,"DI1F32",13.3280007057683
2025-09-17,"DI1F33",13.3627825775808
2025-09-17,"DI1F34",13.3548359297074
2025-09-17,"DI1F35",13.3701169507795
2025-09-18,"DI1F27",14.0274778440169
2025-09-18,"DI1F27",13.7590004756493
2025-09-18,"DI1F27",13.5379963503423
2025-09-18,"DI1F27",13.5007736610576
2025-09-18,"DI1F27",13.381999698193
2025-09-18,"DI1F28",13.2545978091418
2025-09-18,"DI1F28",13.1680095243098
2025-09-18,"DI1F28",13.138034688496
2025-09-18,"DI1F28",13.1383528305742
2025-09-18,"DI1F29",13.1169781689705
2025-09-18,"DI1F29",13.1348281977497
2025-09-18,"DI1F29",13.1698171835042
2025-09-18,"DI1F29",13.1629999740688
2025-09-18,"DI1F30",13.1981159377325
2025-09-18,"DI1F30",13.2019985606086
2025-09-18,"DI1F30",13.2299982077491
2025-09-18,"DI1F30",13.2500005403126
2025-09-18,"DI1F31",13.2876923670158
2025-09-18,"DI1F32",13.3820470291614
2025-09-18,"DI1F33",13.4068130902597
2025-09-18,"DI1F34",13.4078699108898
2025-09-18,"DI1F35",13.4111380843367
2025-09-19,"DI1F27",14.0276173464711
2025-09-19,"DI1F27",13.7609991644484
2025-09-19,"DI1F27",13.5480030147169
2025-09-19,"DI1F27",13.5228950629569
2025-09-19,"DI1F27",13.3979996232485
2025-09-19,"DI1F28",13.2786912221957
2025-09-19,"DI1F28",13.199101800624
2025-09-19,"DI1F28",13.167110037957
2025-09-19,"DI1F28",13.1664165695109
2025-09-19,"DI1F29",13.1500451167838
2025-09-19,"DI1F29",13.1678906257173
2025-09-19,"DI1F29",13.1998682911526
2025-09-19,"DI1F29",13.1900015572595
2025-09-19,"DI1F30",13.231161119804
2025-09-19,"DI1F30",13.2330007649848
2025-09-19,"DI1F30",13.2569999033594
2025-09-19,"DI1F30",13.2799983401021
2025-09-19,"DI1F31",13.3127200603763
2025-09-19,"DI1F32",13.3970626607449
2025-09-19,"DI1F33",13.4188257030078
2025-09-19,"DI1F34",13.4158768784337
2025-09-19,"DI1F35",13.4161435273475
2025-09-22,"DI1F27",14.0779463128975
2025-09-22,"DI1F27",13.8200042721634
2025-09-22,"DI1F27",13.610003244322
2025-09-22,"DI1F27",13.5871132452898
2025-09-22,"DI1F27",13.4659995032498
2025-09-22,"DI1F28",13.3518779549699
2025-09-22,"DI1F28",13.2762691026287
2025-09-22,"DI1F28",13.255284445085
2025-09-22,"DI1F28",13.2585796256234
2025-09-22,"DI1F29",13.2451957906899
2025-09-22,"DI1F29",13.2660348186262
2025-09-22,"DI1F29",13.3040048731293
2025-09-22,"DI1F29",13.2989999129943
2025-09-22,"DI1F30",13.3372848900888
2025-09-22,"DI1F30",13.3369984826367
2025-09-22,"DI1F30",13.3679982857656
2025-09-22,"DI1F30",13.383998429971
2025-09-22,"DI1F31",13.4208184672003
2025-09-22,"DI1F32",13.504145839423
2025-09-22,"DI1F33",13.5218929495893
2025-09-22,"DI1F34",13.5109315426072
2025-09-22,"DI1F35",13.5061910167148
2025-09-23,"DI1F27",14.0299236249894
2025-09-23,"DI1F27",13.7539985482731
2025-09-23,"DI1F27",13.5349990535386
2025-09-23,"DI1F27",13.5069913212145
2025-09-23,"DI1F27",13.3810012232366
2025-09-23,"DI1F28",13.2587369228416
2025-09-23,"DI1F28",13.1801324948347
2025-09-23,"DI1F28",13.158153957834
2025-09-23,"DI1F28",13.1614559250045
2025-09-23,"DI1F29",13.1530917760577
2025-09-23,"DI1F29",13.1709296054448
2025-09-23,"DI1F29",13.2149164993822
2025-09-23,"DI1F29",13.209000386034
2025-09-23,"DI1F30",13.2492044349694
2025-09-23,"DI1F30",13.249999931082
2025-09-23,"DI1F30",13.2780015522862
2025-09-23,"DI1F30",13.295999728333
2025-09-23,"DI1F31",13.3367562170294
2025-09-23,"DI1F32",13.4240941551034
2025-09-23,"DI1F33",13.441847139172
2025-09-23,"DI1F34",13.4308932938088
2025-09-23,"DI1F35",13.4291553467972
2025-09-24,"DI1F27",14.0601784675424
2025-09-24,"DI1F27",13.7909998106758
2025-09-24,"DI1F27",13.5730037554522
2025-09-24,"DI1F27",13.5451499519352
2025-09-24,"DI1F27",13.4209991535328
2025-09-24,"DI1F28",13.3038703482459
2025-09-24,"DI1F28",13.2272543247448
2025-09-24,"DI1F28",13.2032548731092
2025-09-24,"DI1F28",13.2065491240466
2025-09-24,"DI1F29",13.1941702408058
2025-09-24,"DI1F29",13.2160037767843
2025-09-24,"DI1F29",13.2529758605252
2025-09-24,"DI1F29",13.2490011649441
2025-09-24,"DI1F30",13.2862560164124
2025-09-24,"DI1F30",13.2879981914999
2025-09-24,"DI1F30",13.3119988986698
2025-09-24,"DI1F30",13.3329988090476
2025-09-24,"DI1F31",13.3697936507833
2025-09-24,"DI1F32",13.4471156271762
2025-09-24,"DI1F33",13.4568609790973
2025-09-24,"DI1F34",13.4489048531704
2025-09-24,"DI1F35",13.4421652651278
2025-09-25,"DI1F27",14.1175313811417
2025-09-25,"DI1F27",13.8619963003899
2025-09-25,"DI1F27",13.6569964862374
2025-09-25,"DI1F27",13.6324269159481
2025-09-25,"DI1F27",13.5159995127824
2025-09-25,"DI1F28",13.39909982499
2025-09-25,"DI1F28",13.3194505511818
2025-09-25,"DI1F28",13.294435242649
2025-09-25,"DI1F28",13.2937035203728
2025-09-25,"DI1F29",13.2763032339179
2025-09-25,"DI1F29",13.2941227448168
2025-09-25,"DI1F29",13.3360926469208
2025-09-25,"DI1F29",13.3249977865742
2025-09-25,"DI1F30",13.3633524737527
2025-09-25,"DI1F30",13.3610000428785
2025-09-25,"DI1F30",13.3859991446717
2025-09-25,"DI1F30",13.4009987898607
2025-09-25,"DI1F31",13.4368573842522
2025-09-25,"DI1F32",13.5071641127924
2025-09-25,"DI1F33",13.5139001148113
2025-09-25,"DI1F34",13.4939331372792
2025-09-25,"DI1F35",13.4831854033439
2025-09-26,"DI1F27",14.0875712473453
2025-09-26,"DI1F27",13.8299997756385
2025-09-26,"DI1F27",13.624999118464
2025-09-26,"DI1F27",13.6004165634962
2025-09-26,"DI1F27",13.484001099016
2025-09-26,"DI1F28",13.3660825631596
2025-09-26,"DI1F28",13.2884366110753
2025-09-26,"DI1F28",13.2614069960998
2025-09-26,"DI1F28",13.2666885552291
2025-09-26,"DI1F29",13.2502888513443
2025-09-26,"DI1F29",13.271114148147
2025-09-26,"DI1F29",13.3100777641511
2025-09-26,"DI1F29",13.3119995539515
2025-09-26,"DI1F30",13.3533539152728
2025-09-26,"DI1F30",13.3550018301343
2025-09-26,"DI1F30",13.3820015145902
2025-09-26,"DI1F30",13.401001876788
2025-09-26,"DI1F31",13.4438746766185
2025-09-26,"DI1F32",13.5201812545207
2025-09-26,"DI1F33",13.532916811331
2025-09-26,"DI1F34",13.5149467684125
2025-09-26,"DI1F35",13.5082021531648
2025-09-29,"DI1F27",14.1077937457712
2025-09-29,"DI1F27",13.8559975102279
2025-09-29,"DI1F27",13.6499966182392
2025-09-29,"DI1F27",13.6285559102004
2025-09-29,"DI1F27",13.512001053073
2025-09-29,"DI1F28",13.4021989018037
2025-09-29,"DI1F28",13.3245325101651
2025-09-29,"DI1F28",13.3015043297819
2025-09-29,"DI1F28",13.3067747024599
2025-09-29,"DI1F29",13.28936285901
2025-09-29,"DI1F29",13.311181979647
2025-09-29,"DI1F29",13.3501409380151
2025-09-29,"DI1F29",13.3510017504608
2025-09-29,"DI1F30",13.3974133644099
2025-09-29,"DI1F30",13.3969995961011
2025-09-29,"DI1F30",13.424998539371
2025-09-29,"DI1F30",13.4410014737244
2025-09-29,"DI1F31",13.4879180800303
2025-09-29,"DI1F32",13.5592153195922
2025-09-29,"DI1F33",13.5789500400498
2025-09-29,"DI1F34",13.5669814003891
2025-09-29,"DI1F35",13.5572274097812
2025-09-30,"DI1F27",14.0949057663913
2025-09-30,"DI1F27",13.8359978123938
2025-09-30,"DI1F27",13.6289997322237
2025-09-30,"DI1F27",13.6035596584134
2025-09-30,"DI1F27",13.4829971555036
2025-09-30,"DI1F28",13.3671718951935
2025-09-30,"DI1F28",13.2854988678442
2025-09-30,"DI1F28",13.2554580971333
2025-09-30,"DI1F28",13.2547179853542
2025-09-30,"DI1F29",13.2343085832072
2025-09-30,"DI1F29",13.2521268503086
2025-09-30,"DI1F29",13.2970948057099
2025-09-30,"DI1F29",13.2959987858485
2025-09-30,"DI1F30",13.3343578883141
2025-09-30,"DI1F30",13.3410021207744
2025-09-30,"DI1F30",13.3689985066618
2025-09-30,"DI1F30",13.3899996396919
2025-09-30,"DI1F31",13.4278761597373
2025-09-30,"DI1F32",13.5151904924383
2025-09-30,"DI1F33",13.532924077107
2025-09-30,"DI1F34",13.5239584668383
2025-09-30,"DI1F35",13.5192122264399
2025-10-01,"DI1F27",14.1091124008762
2025-10-01,"DI1F27",13.8570008975959
2025-10-01,"DI1F27",13.6549986862991
2025-10-01,"DI1F27",13.6327021582554
2025-10-01,"DI1F27",13.5140014481608
2025-10-01,"DI1F28",13.4052906209899
2025-10-01,"DI1F28",13.3246030000946
2025-10-01,"DI1F28",13.2955515330802
2025-10-01,"DI1F28",13.3008138509818
2025-10-01,"DI1F29",13.27138282799
2025-10-01,"DI1F29",13.2861854881039
2025-10-01,"DI1F29",13.3271447664924
2025-10-01,"DI1F29",13.3259997053054
2025-10-01,"DI1F30",13.3603982826006
2025-10-01,"DI1F30",13.3639985305548
2025-10-01,"DI1F30",13.3959999079663
2025-10-01,"DI1F30",13.4059987950813
2025-10-01,"DI1F31",13.4438995898387
2025-10-01,"DI1F32",13.5161942439561
2025-10-01,"DI1F33",13.5269266271246
2025-10-01,"DI1F34",13.5139571710809
2025-10-01,"DI1F35",13.4992043563709
2025-10-02,"DI1F27",14.143380616326
2025-10-02,"DI1F27",13.8999995708925
2025-10-02,"DI1F27",13.7089981070679
2025-10-02,"DI1F27",13.690919735682
2025-10-02,"DI1F27",13.5820011587956
2025-10-02,"DI1F28",13.4824884263826
2025-10-02,"DI1F28",13.4148064683558
2025-10-02,"DI1F28",13.3977529791315
2025-10-02,"DI1F28",13.4029903959614
2025-10-02,"DI1F29",13.3855645989001
2025-10-02,"DI1F29",13.4073621740599
2025-10-02,"DI1F29",13.4483089343579
2025-10-02,"DI1F29",13.4490008266593
2025-10-02,"DI1F30",13.4865422805961
2025-10-02,"DI1F30",13.4929983639109
2025-10-02,"DI1F30",13.5170017627529
2025-10-02,"DI1F30",13.5340006243538
2025-10-02,"DI1F31",13.5740199095495
2025-10-02,"DI1F32",13.6563012826533
2025-10-02,"DI1F33",13.6700179135611
2025-10-02,"DI1F34",13.6550384247775
2025-10-02,"DI1F35",13.6462809910455
2025-10-03,"DI1F27",14.1746594569815
2025-10-03,"DI1F27",13.9409955598677
2025-10-03,"DI1F27",13.7620001831276
2025-10-03,"DI1F27",13.7461273450831
2025-10-03,"DI1F27",13.6439973948239
2025-10-03,"DI1F28",13.5476662855462
2025-10-03,"DI1F28",13.4819628951333
2025-10-03,"DI1F28",13.4648907657975
2025-10-03,"DI1F28",13.4691158903549
2025-10-03,"DI1F29",13.4476705383337
2025-10-03,"DI1F29",13.4634516305927
2025-10-03,"DI1F29",13.5073962295969
2025-10-03,"DI1F29",13.5060020129769
2025-10-03,"DI1F30",13.5436182050117
2025-10-03,"DI1F30",13.5440015413727
2025-10-03,"DI1F30",13.5680021755505
2025-10-03,"DI1F30",13.5830005827037
2025-10-03,"DI1F31",13.6210653292323
2025-10-03,"DI1F32",13.6903318435878
2025-10-03,"DI1F33",13.7030459607199
2025-10-03,"DI1F34",13.6890614544079
2025-10-03,"DI1F35",13.6722958036219
2025-10-06,"DI1F27",14.132653732317
2025-10-06,"DI1F27",13.8940015284776
2025-10-06,"DI1F27",13.706995892895
2025-10-06,"DI1F27",13.694066029955
2025-10-06,"DI1F27",13.5920012790296
2025-10-06,"DI1F28",13.4946094048886
2025-10-06,"DI1F28",13.4258995439768
2025-10-06,"DI1F28",13.4018200102016
2025-10-06,"DI1F28",13.4010410555488
2025-10-06,"DI1F29",13.3826033894998
2025-10-06,"DI1F29",13.3993868597671
2025-10-06,"DI1F29",13.441332778977
2025-10-06,"DI1F29",13.4419998443984
2025-10-06,"DI1F30",13.4805644941513
2025-10-06,"DI1F30",13.4880016706098
2025-10-06,"DI1F30",13.5180009464173
2025-10-06,"DI1F30",13.533999543357
2025-10-06,"DI1F31",13.5780373334891
2025-10-06,"DI1F32",13.6623193175201
2025-10-06,"DI1F33",13.6830361824215
2025-10-06,"DI1F34",13.6780567540461
2025-10-06,"DI1F35",13.6762990142908
2025-10-07,"DI1F27",14.1830003991209
2025-10-07,"DI1F27",13.9490007745631
2025-10-07,"DI1F27",13.7709959246447
2025-10-07,"DI1F27",13.7552869954765
2025-10-07,"DI1F27",13.6550015392086
2025-10-07,"DI1F28",13.5607857585298
2025-10-07,"DI1F28",13.5070786759461
2025-10-07,"DI1F28",13.4879896623833
2025-10-07,"DI1F28",13.4942071820391
2025-10-07,"DI1F29",13.4807594319595
2025-10-07,"DI1F29",13.5015396714004
2025-10-07,"DI1F29",13.5504807755724
2025-10-07,"DI1F29",13.5519990215146
2025-10-07,"DI1F30",13.5936989237114
2025-10-07,"DI1F30",13.6040022008232
2025-10-07,"DI1F30",13.6319989889228
2025-10-07,"DI1F30",13.6519989326731
2025-10-07,"DI1F31",13.6961481436745
2025-10-07,"DI1F32",13.788417325701
2025-10-07,"DI1F33",13.8101205467642
2025-10-07,"DI1F34",13.8091319285942
2025-10-07,"DI1F35",13.8043650392819
2025-10-08,"DI1F27",14.1500361383728
2025-10-08,"DI1F27",13.917002903078
2025-10-08,"DI1F27",13.7389992703997
2025-10-08,"DI1F27",13.7222770649835
2025-10-08,"DI1F27",13.6199988122998
2025-10-08,"DI1F28",13.5277629683215
2025-10-08,"DI1F28",13.4720550639747
2025-10-08,"DI1F28",13.4599745478939
2025-10-08,"DI1F28",13.4691922499984
2025-10-08,"DI1F29",13.4597504252378
2025-10-08,"DI1F29",13.4855379535431
2025-10-08,"DI1F29",13.5314764256165
2025-10-08,"DI1F29",13.5370012304299
2025-10-08,"DI1F30",13.5786942534953
2025-10-08,"DI1F30",13.5899999336229
2025-10-08,"DI1F30",13.6169996022177
2025-10-08,"DI1F30",13.6370000720802
2025-10-08,"DI1F31",13.6791438205679
2025-10-08,"DI1F32",13.7594006363535
2025-10-08,"DI1F33",13.7761029949081
2025-10-08,"DI1F34",13.766112242872
2025-10-08,"DI1F35",13.761345968171
2025-10-09,"DI1F27",14.0759253881514
2025-10-09,"DI1F27",13.8269953890418
2025-10-09,"DI1F27",13.6419981190493
2025-10-09,"DI1F27",13.6271144293553
2025-10-09,"DI1F27",13.5209967955749
2025-10-09,"DI1F28",13.4256045118908
2025-10-09,"DI1F28",13.3689045896661
2025-10-09,"DI1F28",13.3558343214753
2025-10-09,"DI1F28",13.3670646266516
2025-10-09,"DI1F29",13.3606379843725
2025-10-09,"DI1F29",13.3854262568917
2025-10-09,"DI1F29",13.4343743130926
2025-10-09,"DI1F29",13.4449980909708
2025-10-09,"DI1F30",13.4886112361053
2025-10-09,"DI1F30",13.5010007692698
2025-10-09,"DI1F30",13.5340021793344
2025-10-09,"DI1F30",13.5550011078778
2025-10-09,"DI1F31",13.5990829254091
2025-10-09,"DI1F32",13.6983608747627
2025-10-09,"DI1F33",13.7230764317842
2025-10-09,"DI1F34",13.7190884073619
2025-10-09,"DI1F35",13.7253315727409
2025-10-10,"DI1F27",14.0469811116804
2025-10-10,"DI1F27",13.8120046453406
2025-10-10,"DI1F27",13.6350015580337
2025-10-10,"DI1F27",13.6362076462641
2025-10-10,"DI1F27",13.5330037118952
2025-10-10,"DI1F28",13.447693376223
2025-10-10,"DI1F28",13.4130213928155
2025-10-10,"DI1F28",13.4059498822736
2025-10-10,"DI1F28",13.4341887391504
2025-10-10,"DI1F29",13.4307543309952
2025-10-10,"DI1F29",13.4675542867108
2025-10-10,"DI1F29",13.5194934738781
2025-10-10,"DI1F29",13.536001854089
2025-10-10,"DI1F30",13.5747144751014
2025-10-10,"DI1F30",13.5960004478151
2025-10-10,"DI1F30",13.6319996106714
2025-10-10,"DI1F30",13.6570015023675
2025-10-10,"DI1F31",13.6961727366524
2025-10-10,"DI1F32",13.8024446879107
2025-10-10,"DI1F33",13.8311465005543
2025-10-10,"DI1F34",13.8301554784273
2025-10-10,"DI1F35",13.8323877486003
2025-10-13,"DI1F27",14.057173226962
2025-10-13,"DI1F27",13.8140009067974
2025-10-13,"DI1F27",13.6379977184291
2025-10-13,"DI1F27",13.6262488650056
2025-10-13,"DI1F27",13.5299999682723
2025-10-13,"DI1F28",13.4407307194419
2025-10-13,"DI1F28",13.3920233508386
2025-10-13,"DI1F28",13.3919535228773
2025-10-13,"DI1F28",13.405172805197
2025-10-13,"DI1F29",13.4107527897793
2025-10-13,"DI1F29",13.4445430934467
2025-10-13,"DI1F29",13.4934768976993
2025-10-13,"DI1F29",13.5030022983295
2025-10-13,"DI1F30",13.5537076439457
2025-10-13,"DI1F30",13.5650019670459
2025-10-13,"DI1F30",13.6010011000263
2025-10-13,"DI1F30",13.6270007882811
2025-10-13,"DI1F31",13.6771678669034
2025-10-13,"DI1F32",13.7784317147148
2025-10-13,"DI1F33",13.8161433459656
2025-10-13,"DI1F34",13.8231529040252
2025-10-13,"DI1F35",13.8243859245721
2025-10-14,"DI1F27",14.0422838709173
2025-10-14,"DI1F27",13.7929971562313
2025-10-14,"DI1F27",13.6130035116435
2025-10-14,"DI1F27",13.6022596792531
2025-10-14,"DI1F27",13.5009982390196
2025-10-14,"DI1F28",13.4087083202006
2025-10-14,"DI1F28",13.3589990436852
2025-10-14,"DI1F28",13.3549277448178
2025-10-14,"DI1F28",13.3711484872679
2025-10-14,"DI1F29",13.3727174226755
2025-10-14,"DI1F29",13.4025070434784
2025-10-14,"DI1F29",13.4604570647486
2025-10-14,"DI1F29",13.4679989438908
2025-10-14,"DI1F30",13.5136756491853
2025-10-14,"DI1F30",13.5290022282811
2025-10-14,"DI1F30",13.5669980469838
2025-10-14,"DI1F30",13.5929989645307
2025-10-14,"DI1F31",13.641145196323
2025-10-14,"DI1F32",13.7414132059454
2025-10-14,"DI1F33",13.781125357004
2025-10-14,"DI1F34",13.7871389404622
2025-10-14,"DI1F35",13.7923713532422
2025-10-15,"DI1F27",14.0805871859581
2025-10-15,"DI1F27",13.8269953127826
2025-10-15,"DI1F27",13.6349969416174
2025-10-15,"DI1F27",13.6163729029612
2025-10-15,"DI1F27",13.5059981387492
2025-10-15,"DI1F28",13.4037463494994
2025-10-15,"DI1F28",13.33799487415
2025-10-15,"DI1F28",13.3259062193162
2025-10-15,"DI1F28",13.3331173855197
2025-10-15,"DI1F29",13.3206673085111
2025-10-15,"DI1F29",13.3484545090621
2025-10-15,"DI1F29",13.3923910276726
2025-10-15,"DI1F29",13.3979988807414
2025-10-15,"DI1F30",13.4376096704728
2025-10-15,"DI1F30",13.4490007289376
2025-10-15,"DI1F30",13.4820012986627
2025-10-15,"DI1F30",13.5049984982332
2025-10-15,"DI1F31",13.5480732259065
2025-10-15,"DI1F32",13.6473504367697
2025-10-15,"DI1F33",13.6810651770092
2025-10-15,"DI1F34",13.6880885462568
2025-10-15,"DI1F35",13.6923279982941
2025-10-16,"DI1F27",14.075739308182
2025-10-16,"DI1F27",13.8189954296092
2025-10-16,"DI1F27",13.6230005961329
2025-10-16,"DI1F27",13.606414497906
2025-10-16,"DI1F27",13.4979976434013
2025-10-16,"DI1F28",13.3957781287467
2025-10-16,"DI1F28",13.3390374701932
2025-10-16,"DI1F28",13.332951516584
2025-10-16,"DI1F28",13.3431590034721
2025-10-16,"DI1F29",13.3397158383674
2025-10-16,"DI1F29",13.3705031431953
2025-10-16,"DI1F29",13.4194410467159
2025-10-16,"DI1F29",13.4290020397125
2025-10-16,"DI1F30",13.4786660155851
2025-10-16,"DI1F30",13.4910002853147
2025-10-16,"DI1F30",13.5290020734183
2025-10-16,"DI1F30",13.5480005278497
2025-10-16,"DI1F31",13.5941184766043
2025-10-16,"DI1F32",13.6963921342206
2025-10-16,"DI1F33",13.7351033630817
2025-10-16,"DI1F34",13.7381161272618
2025-10-16,"DI1F35",13.7403530271691
2025-10-17,"DI1F27",14.0658587705848
2025-10-17,"DI1F27",13.8079984615599
2025-10-17,"DI1F27",13.614002141054
2025-10-17,"DI1F27",13.5984707723599
2025-10-17,"DI1F27",13.4920001239468
2025-10-17,"DI1F28",13.393817293423
2025-10-17,"DI1F28",13.3390715140546
2025-10-17,"DI1F28",13.3379871196564
2025-10-17,"DI1F28",13.3552015008357
2025-10-17,"DI1F29",13.3557614157288
2025-10-17,"DI1F29",13.3925521621885
2025-10-17,"DI1F29",13.4394815019769
2025-10-17,"DI1F29",13.4559983710518
2025-10-17,"DI1F30",13.502703964403
2025-10-17,"DI1F30",13.5159999886628
2025-10-17,"DI1F30",13.552997907772
2025-10-17,"DI1F30",13.5770002577595
2025-10-17,"DI1F31",13.6241557689094
2025-10-17,"DI1F32",13.7274184429162
2025-10-17,"DI1F33",13.7621278476251
2025-10-17,"DI1F34",13.7691380898504
2025-10-17,"DI1F35",13.7713722083872
2025-10-20,"DI1F27",14.0198500720302
2025-10-20,"DI1F27",13.7500035630141
2025-10-20,"DI1F27",13.545003292435
2025-10-20,"DI1F27",13.5253563220237
2025-10-20,"DI1F27",13.4149965967792
2025-10-20,"DI1F28",13.31069398727
2025-10-20,"DI1F28",13.2529531507833
2025-10-20,"DI1F28",13.2438628691219
2025-10-20,"DI1F28",13.2630876554833
2025-10-20,"DI1F29",13.2586470779978
2025-10-20,"DI1F29",13.2904354312411
2025-10-20,"DI1F29",13.3453818351707
2025-10-20,"DI1F29",13.355998496433
2025-10-20,"DI1F30",13.404610950612
2025-10-20,"DI1F30",13.4230015910072
2025-10-20,"DI1F30",13.4659997252816
2025-10-20,"DI1F30",13.4890015510249
2025-10-20,"DI1F31",13.5340869799985
2025-10-20,"DI1F32",13.6463677078093
2025-10-20,"DI1F33",13.6930857850706
2025-10-20,"DI1F34",13.7001016745793
2025-10-20,"DI1F35",13.7073420115101
2025-10-21,"DI1F27",13.9788681745717
2025-10-21,"DI1F27",13.7030018359605
2025-10-21,"DI1F27",13.5030009395651
2025-10-21,"DI1F27",13.4843242755279
2025-10-21,"DI1F27",13.3720014746503
2025-10-21,"DI1F28",13.2656473912817
2025-10-21,"DI1F28",13.2089110564215
2025-10-21,"DI1F28",13.2018277739749
2025-10-21,"DI1F28",13.2240511563885
2025-10-21,"DI1F29",13.2236222546232
2025-10-21,"DI1F29",13.254410909331
2025-10-21,"DI1F29",13.3073527780831
2025-10-21,"DI1F29",13.318000138182
2025-10-21,"DI1F30",13.3675859040612
2025-10-21,"DI1F30",13.3860021668234
2025-10-21,"DI1F30",13.4260007057146
2025-10-21,"DI1F30",13.4509995846374
2025-10-21,"DI1F31",13.4970594445754
2025-10-21,"DI1F32",13.6093454881779
2025-10-21,"DI1F33",13.6520675536576
2025-10-21,"DI1F34",13.6660878942133
2025-10-21,"DI1F35",13.675327503568
2025-10-22,"DI1F27",13.9358738580736
2025-10-22,"DI1F27",13.6599994186012
2025-10-22,"DI1F27",13.4560027850183
2025-10-22,"DI1F27",13.4352739218893
2025-10-22,"DI1F27",13.3190026948576
2025-10-22,"DI1F28",13.2155927676859
2025-10-22,"DI1F28",13.1578531400965
2025-10-22,"DI1F28",13.1507676657112
2025-10-22,"DI1F28",13.1679932949982
2025-10-22,"DI1F29",13.1675615116741
2025-10-22,"DI1F29",13.198356231927
2025-10-22,"DI1F29",13.2533032910433
2025-10-22,"DI1F29",13.2610014778337
2025-10-22,"DI1F30",13.3095334403065
2025-10-22,"DI1F30",13.3290003099949
2025-10-22,"DI1F30",13.3699993195812
2025-10-22,"DI1F30",13.3939985598925
2025-10-22,"DI1F31",13.442024058843
2025-10-22,"DI1F32",13.5463070851296
2025-10-22,"DI1F33",13.5920339262463
2025-10-22,"DI1F34",13.6060582880974
2025-10-22,"DI1F35",13.6143025144767
2025-10-23,"DI1F27",13.9290167177119
2025-10-23,"DI1F27",13.649997327145
2025-10-23,"DI1F27",13.4400019563029
2025-10-23,"DI1F27",13.4183062316292
2025-10-23,"DI1F27",13.2980037255695
2025-10-23,"DI1F28",13.1895873217852
2025-10-23,"DI1F28",13.1298370709452
2025-10-23,"DI1F28",13.1197501979632
2025-10-23,"DI1F28",13.1399784895578
2025-10-23,"DI1F29",13.1425479567669
2025-10-23,"DI1F29",13.1753448284395
2025-10-23,"DI1F29",13.2282883382687
2025-10-23,"DI1F29",13.2419998136132
2025-10-23,"DI1F30",13.2955350226537
2025-10-23,"DI1F30",13.3119982606518
2025-10-23,"DI1F30",13.3539987335277
2025-10-23,"DI1F30",13.3809994897637
2025-10-23,"DI1F31",13.4270157522816
2025-10-23,"DI1F32",13.5393077161974
2025-10-23,"DI1F33",13.5850348218835
2025-10-23,"DI1F34",13.5990585514323
2025-10-23,"DI1F35",13.6083001025536
2025-10-24,"DI1F27",13.8709567754448
2025-10-24,"DI1F27",13.5880009298854
2025-10-24,"DI1F27",13.3749978876022
2025-10-24,"DI1F27",13.3471929736601
2025-10-24,"DI1F27",13.2250023948108
2025-10-24,"DI1F28",13.1154814460041
2025-10-24,"DI1F28",13.0517356658348
2025-10-24,"DI1F28",13.0386471048375
2025-10-24,"DI1F28",13.055873054339
2025-10-24,"DI1F29",13.055448550625
2025-10-24,"DI1F29",13.0852461032375
2025-10-24,"DI1F29",13.1381958917155
2025-10-24,"DI1F29",13.1470006122736
2025-10-24,"DI1F30",13.195435852092
2025-10-24,"DI1F30",13.2129983523878
2025-10-24,"DI1F30",13.2539994141082
2025-10-24,"DI1F30",13.2799991022228
2025-10-24,"DI1F31",13.3259397713738
2025-10-24,"DI1F32",13.4372399390421
2025-10-24,"DI1F33",13.4859738934611
2025-10-24,"DI1F34",13.5050095708853
2025-10-24,"DI1F35",13.5152586562221
2025-10-27,"DI1F27",13.8661142457896
2025-10-27,"DI1F27",13.5839982448063
2025-10-27,"DI1F27",13.3649993982373
2025-10-27,"DI1F27",13.3372457963125
2025-10-27,"DI1F27",13.2110017565645
2025-10-27,"DI1F28",13.1085132100821
2025-10-27,"DI1F28",13.0437550106607
2025-10-27,"DI1F28",13.0266575090149
2025-10-27,"DI1F28",13.0408753210128
2025-10-27,"DI1F29",13.0394464352311
2025-10-27,"DI1F29",13.0682427224585
2025-10-27,"DI1F29",13.1201910027018
2025-10-27,"DI1F29",13.1279987796364
2025-10-27,"DI1F30",13.1754291073002
2025-10-27,"DI1F30",13.1899980557231
2025-10-27,"DI1F30",13.226998566989
2025-10-27,"DI1F30",13.2550011931459
2025-10-27,"DI1F31",13.2979221785748
2025-10-27,"DI1F32",13.4092240343921
2025-10-27,"DI1F33",13.4529589467958
2025-10-27,"DI1F34",13.4639896763999
2025-10-27,"DI1F35",13.4762407213655
2025-10-28,"DI1F27",13.8883697572809
2025-10-28,"DI1F27",13.6090044697441
2025-10-28,"DI1F27",13.4000015808156
2025-10-28,"DI1F27",13.3754149238472
2025-10-28,"DI1F27",13.2540007879721
2025-10-28,"DI1F28",13.1546546331833
2025-10-28,"DI1F28",13.0928810769511
2025-10-28,"DI1F28",13.0737642364037
2025-10-28,"DI1F28",13.0969909032757
2025-10-28,"DI1F29",13.0935480921332
2025-10-28,"DI1F29",13.1253336554733
2025-10-28,"DI1F29",13.1792775614879
2025-10-28,"DI1F29",13.1910018667244
2025-10-28,"DI1F30",13.2435178303578
2025-10-28,"DI1F30",13.2560000447711
2025-10-28,"DI1F30",13.2979988634558
2025-10-28,"DI1F30",13.3240006886291
2025-10-28,"DI1F31",13.372995913965
2025-10-28,"DI1F32",13.483282406091
2025-10-28,"DI1F33",13.5220087292537
2025-10-28,"DI1F34",13.5310322817797
2025-10-28,"DI1F35",13.5422772174159
2025-10-29,"DI1F27",13.8855313620088
2025-10-29,"DI1F27",13.6099978651853
2025-10-29,"DI1F27",13.4140013237457
2025-10-29,"DI1F27",13.3895274615829
2025-10-29,"DI1F27",13.274997519211
2025-10-29,"DI1F28",13.1867697526467
2025-10-29,"DI1F28",13.1319943435771
2025-10-29,"DI1F28",13.1178678386637
2025-10-29,"DI1F28",13.1420826472334
2025-10-29,"DI1F29",13.1386350779249
2025-10-29,"DI1F29",13.1734192785878
2025-10-29,"DI1F29",13.2263539100135
2025-10-29,"DI1F29",13.2390022010999
2025-10-29,"DI1F30",13.2925817150245
2025-10-29,"DI1F30",13.3080004872727
2025-10-29,"DI1F30",13.3530009586967
2025-10-29,"DI1F30",13.3810005837794
2025-10-29,"DI1F31",13.430054810867
2025-10-29,"DI1F32",13.5403306442412
2025-10-29,"DI1F33",13.583051895839
2025-10-29,"DI1F34",13.5950718237534
2025-10-29,"DI1F35",13.6103133544688
2025-10-30,"DI1F27",13.9800709697236
2025-10-30,"DI1F27",13.7129977559182
2025-10-30,"DI1F27",13.5139982487726
2025-10-30,"DI1F27",13.490865283557
2025-10-30,"DI1F27",13.3689987790632
2025-10-30,"DI1F28",13.2810129857643
2025-10-30,"DI1F28",13.2242041218966
2025-10-30,"DI1F28",13.2100569778343
2025-10-30,"DI1F28",13.2282427890158
2025-10-30,"DI1F29",13.2247769287123
2025-10-30,"DI1F29",13.2575473530732
2025-10-30,"DI1F29",13.306466652321
2025-10-30,"DI1F29",13.3189986704658
2025-10-30,"DI1F30",13.3706804857616
2025-10-30,"DI1F30",13.3819998658938
2025-10-30,"DI1F30",13.4250011519845
2025-10-30,"DI1F30",13.4489994138731
2025-10-30,"DI1F31",13.4921181912883
2025-10-30,"DI1F32",13.5963780862358
2025-10-30,"DI1F33",13.6400886556246
2025-10-30,"DI1F34",13.6541045069505
2025-10-30,"DI1F35",13.6653456711497
2025-10-31,"DI1F27",13.9039430730941
2025-10-31,"DI1F27",13.6209970029955
2025-10-31,"DI1F27",13.4120040323042
2025-10-31,"DI1F27",13.386665193111
2025-10-31,"DI1F27",13.2579999430496
2025-10-31,"DI1F28",13.1648179949802
2025-10-31,"DI1F28",13.1050222754594
2025-10-31,"DI1F28",13.0828737015176
2025-10-31,"DI1F28",13.1040763420493
2025-10-31,"DI1F29",13.0946133904652
2025-10-31,"DI1F29",13.1253910802299
2025-10-31,"DI1F29",13.1783257951428
2025-10-31,"DI1F29",13.1850011169389
2025-10-31,"DI1F30",13.2325443755597
2025-10-31,"DI1F30",13.2489982069814
2025-10-31,"DI1F30",13.2929986368001
2025-10-31,"DI1F30",13.3170017785993
2025-10-31,"DI1F31",13.3630116729512
2025-10-31,"DI1F32",13.476299140832
2025-10-31,"DI1F33",13.5190206060527
2025-10-31,"DI1F34",13.5320405965192
2025-10-31,"DI1F35",13.549289844032
2025-11-03,"DI1F27",13.9412654734581
2025-11-03,"DI1F27",13.6650014219563
2025-11-03,"DI1F27",13.4480003814754
2025-11-03,"DI1F27",13.4198283342309
2025-11-03,"DI1F27",13.2899997860692
2025-11-03,"DI1F28",13.1909179808396
2025-11-03,"DI1F28",13.1291013709836
2025-11-03,"DI1F28",13.1049430177365
2025-11-03,"DI1F28",13.1201283188302
2025-11-03,"DI1F29",13.1196733467066
2025-11-03,"DI1F29",13.153449604179
2025-11-03,"DI1F29",13.202375194842
2025-11-03,"DI1F29",13.2149987896009
2025-11-03,"DI1F30",13.2655914624487
2025-11-03,"DI1F30",13.2820002284231
2025-11-03,"DI1F30",13.3270013049295
2025-11-03,"DI1F30",13.3539986510599
2025-11-03,"DI1F31",13.4020537138172
2025-11-03,"DI1F32",13.5153315802848
2025-11-03,"DI1F33",13.5590503006596
2025-11-03,"DI1F34",13.5790701510533
2025-11-03,"DI1F35",13.5933128146631
2025-11-04,"DI1F27",13.9193644577326
2025-11-04,"DI1F27",13.642000642142
2025-11-04,"DI1F27",13.4299965465118
2025-11-04,"DI1F27",13.4048645848566
2025-11-04,"DI1F27",13.2760024097682
2025-11-04,"DI1F28",13.1849535769565
2025-11-04,"DI1F28",13.1291387215902
2025-11-04,"DI1F28",13.1129892451571
2025-11-04,"DI1F28",13.1301695813946
2025-11-04,"DI1F29",13.1357160569675
2025-11-04,"DI1F29",13.1704908492356
2025-11-04,"DI1F29",13.2224169899509
2025-11-04,"DI1F29",13.2390019478146
2025-11-04,"DI1F30",13.292634795882
2025-11-04,"DI1F30",13.3129984708795
2025-11-04,"DI1F30",13.3600000359592
2025-11-04,"DI1F30",13.3850014357753
2025-11-04,"DI1F31",13.4370956077608
2025-11-04,"DI1F32",13.5613706029066
2025-11-04,"DI1F33",13.6110870315784
2025-11-04,"DI1F34",13.6381060141403
2025-11-04,"DI1F35",13.6543468255632
2025-11-05,"DI1F27",13.893437759073
2025-11-05,"DI1F27",13.6129961914867
2025-11-05,"DI1F27",13.4020023421533
2025-11-05,"DI1F27",13.373864702948
2025-11-05,"DI1F27",13.2480005353403
2025-11-05,"DI1F28",13.1529362358283
2025-11-05,"DI1F28",13.0971178724906
2025-11-05,"DI1F28",13.0749558179887
2025-11-05,"DI1F28",13.0851269976706
2025-11-05,"DI1F29",13.0886726023473
2025-11-05,"DI1F29",13.1234478102771
2025-11-05,"DI1F29",13.1733713939737
2025-11-05,"DI1F29",13.1880021250134
2025-11-05,"DI1F30",13.2405919462029
2025-11-05,"DI1F30",13.2580020809145
2025-11-05,"DI1F30",13.3050012813059
2025-11-05,"DI1F30",13.3299980766468
2025-11-05,"DI1F31",13.3810560825255
2025-11-05,"DI1F32",13.5093403705531
2025-11-05,"DI1F33",13.5550539073068
2025-11-05,"DI1F34",13.5780771984109
2025-11-05,"DI1F35",13.6003208750952
2025-11-06,"DI1F27",13.9307623966286
2025-11-06,"DI1F27",13.6460005984206
2025-11-06,"DI1F27",13.4320009986712
2025-11-06,"DI1F27",13.4030148303899
2025-11-06,"DI1F27",13.2690008954684
2025-11-06,"DI1F28",13.1740335090408
2025-11-06,"DI1F28",13.1131902473322
2025-11-06,"DI1F28",13.09101296376
2025-11-06,"DI1F28",13.1021805656972
2025-11-06,"DI1F29",13.1077208303344
2025-11-06,"DI1F29",13.1434929575197
2025-11-06,"DI1F29",13.1964194335088
2025-11-06,"DI1F29",13.2119980461163
2025-11-06,"DI1F30",13.2676319647166
2025-11-06,"DI1F30",13.2829979304718
2025-11-06,"DI1F30",13.3319994277458
2025-11-06,"DI1F30",13.3579992786776
2025-11-06,"DI1F31",13.4100884042037
2025-11-06,"DI1F32",13.5303595919654
2025-11-06,"DI1F33",13.587078541489
2025-11-06,"DI1F34",13.6080968930241
2025-11-06,"DI1F35",13.6273377927449
2025-11-07,"DI1F27",13.9299396316807
2025-11-07,"DI1F27",13.6470010821968
2025-11-07,"DI1F27",13.4300039667815
2025-11-07,"DI1F27",13.3980739286141
2025-11-07,"DI1F27",13.2649995729019
2025-11-07,"DI1F28",13.1610514365786
2025-11-07,"DI1F28",13.1022045318493
2025-11-07,"DI1F28",13.0740166538128
2025-11-07,"DI1F28",13.0831739314962
2025-11-07,"DI1F29",13.0877177154157
2025-11-07,"DI1F29",13.1224840913748
2025-11-07,"DI1F29",13.1784107744812
2025-11-07,"DI1F29",13.1910007847177
2025-11-07,"DI1F30",13.2446202979403
2025-11-07,"DI1F30",13.2619986202286
2025-11-07,"DI1F30",13.3080014755924
2025-11-07,"DI1F30",13.3359999072193
2025-11-07,"DI1F31",13.3870763816806
2025-11-07,"DI1F32",13.5103512347939
2025-11-07,"DI1F33",13.563068980599
2025-11-07,"DI1F34",13.5830891151087
2025-11-07,"DI1F35",13.6013287298307
2025-11-10,"DI1F27",13.8909674718675
2025-11-10,"DI1F27",13.5949955221414
2025-11-10,"DI1F27",13.3679970526561
2025-11-10,"DI1F27",13.3329827564269
2025-11-10,"DI1F27",13.1919962838941
2025-11-10,"DI1F28",13.0859423667999
2025-11-10,"DI1F28",13.0230982293303
2025-11-10,"DI1F28",12.9899045909106
2025-11-10,"DI1F28",12.9970669271908
2025-11-10,"DI1F29",13.0026163052529
2025-11-10,"DI1F29",13.0363901817092
2025-11-10,"DI1F29",13.0863161255196
2025-11-10,"DI1F29",13.1009989130428
2025-11-10,"DI1F30",13.1535344949779
2025-11-10,"DI1F30",13.1700004438433
2025-11-10,"DI1F30",13.2149980240241
2025-11-10,"DI1F30",13.2420007403402
2025-11-10,"DI1F31",13.2940041111729
2025-11-10,"DI1F32",13.4182891573166
2025-11-10,"DI1F33",13.4710144827078
2025-11-10,"DI1F34",13.4920421718459
2025-11-10,"DI1F35",13.5122894181511
2025-11-11,"DI1F27",13.7214768613463
2025-11-11,"DI1F27",13.4189976602719
2025-11-11,"DI1F27",13.1939969863819
2025-11-11,"DI1F27",13.1616092968597
2025-11-11,"DI1F27",13.0249995829565
2025-11-11,"DI1F28",12.9266604599253
2025-11-11,"DI1F28",12.8688487239139
2025-11-11,"DI1F28",12.8426880493208
2025-11-11,"DI1F28",12.8578816271031
2025-11-11,"DI1F29",12.8664476864886
2025-11-11,"DI1F29",12.9012328714468
2025-11-11,"DI1F29",12.9551696008569
2025-11-11,"DI1F29",12.9770010141228
2025-11-11,"DI1F30",13.0344175899484
2025-11-11,"DI1F30",13.0539993239752
2025-11-11,"DI1F30",13.1020021607535
2025-11-11,"DI1F30",13.1319986172846
2025-11-11,"DI1F31",13.1869199181355
2025-11-11,"DI1F32",13.3192226751567
2025-11-11,"DI1F33",13.3789619960912
2025-11-11,"DI1F34",13.4069965224984
2025-11-11,"DI1F35",13.4312485965166
2025-11-12,"DI1F27",13.7096084469081
2025-11-12,"DI1F27",13.4009970319798
2025-11-12,"DI1F27",13.176996250779
2025-11-12,"DI1F27",13.1446420227348
2025-11-12,"DI1F27",13.0059979902542
2025-11-12,"DI1F28",12.9006495715689
2025-11-12,"DI1F28",12.8398280296708
2025-11-12,"DI1F28",12.814672761916
2025-11-12,"DI1F28",12.8288633096511
2025-11-12,"DI1F29",12.8404288300501
2025-11-12,"DI1F29",12.8792224061241
2025-11-12,"DI1F29",12.9311574807995
2025-11-12,"DI1F29",12.9540021292056
2025-11-12,"DI1F30",13.0074016971372
2025-11-12,"DI1F30",13.0330017671351
2025-11-12,"DI1F30",13.083999723704
2025-11-12,"DI1F30",13.1129982037042
2025-11-12,"DI1F31",13.1689118272075
2025-11-12,"DI1F32",13.3062215522773
2025-11-12,"DI1F33",13.3639570067276
2025-11-12,"DI1F34",13.3959938061684
2025-11-12,"DI1F35",13.4202468229987
2025-11-13,"DI1F27",13.6997558929569
2025-11-13,"DI1F27",13.392002731241
2025-11-13,"DI1F27",13.160999858619
2025-11-13,"DI1F27",13.1306849795525
2025-11-13,"DI1F27",12.9949992879333
2025-11-13,"DI1F28",12.8936857344023
2025-11-13,"DI1F28",12.8328570567921
2025-11-13,"DI1F28",12.8106984558526
2025-11-13,"DI1F28",12.8238787254975
2025-11-13,"DI1F29",12.8354460579678
2025-11-13,"DI1F29",12.8742358950239
2025-11-13,"DI1F29",12.9301732303854
2025-11-13,"DI1F29",12.9529990976435
2025-11-13,"DI1F30",13.0094193723679
2025-11-13,"DI1F30",13.0380019076787
2025-11-13,"DI1F30",13.0880009926672
2025-11-13,"DI1F30",13.1230013120238
2025-11-13,"DI1F31",13.1769256617519
2025-11-13,"DI1F32",13.3252409079838
2025-11-13,"DI1F33",13.3949806839398
2025-11-13,"DI1F34",13.4370188871337
2025-11-13,"DI1F35",13.4652726080192
2025-11-14,"DI1F27",13.6708180106551
2025-11-14,"DI1F27",13.3699988072189
2025-11-14,"DI1F27",13.1489978605958
2025-11-14,"DI1F27",13.1207344686203
2025-11-14,"DI1F27",12.9919980424343
2025-11-14,"DI1F28",12.8987456001764
2025-11-14,"DI1F28",12.8479251156907
2025-11-14,"DI1F28",12.8227467775063
2025-11-14,"DI1F28",12.8429364957413
2025-11-14,"DI1F29",12.8464833731367
2025-11-14,"DI1F29",12.8842656457543
2025-11-14,"DI1F29",12.9382009333676
2025-11-14,"DI1F29",12.9650001584506
2025-11-14,"DI1F30",13.0164380292398
2025-11-14,"DI1F30",13.0389990840839
2025-11-14,"DI1F30",13.0930018664668
2025-11-14,"DI1F30",13.1229993741532
2025-11-14,"DI1F31",13.1789387070892
2025-11-14,"DI1F32",13.3242471257454
2025-11-14,"DI1F33",13.3879820992929
2025-11-14,"DI1F34",13.4290194257758
2025-11-14,"DI1F35",13.4462646065245
2025-11-17,"DI1F27",13.7021360943806
2025-11-17,"DI1F27",13.4110022103317
2025-11-17,"DI1F27",13.1989958700113
2025-11-17,"DI1F27",13.1749561331366
2025-11-17,"DI1F27",13.0519996461559
2025-11-17,"DI1F28",12.9649311514747
2025-11-17,"DI1F28",12.9140827302773
2025-11-17,"DI1F28",12.8959026530813
2025-11-17,"DI1F28",12.9120718465648
2025-11-17,"DI1F29",12.9296280982352
2025-11-17,"DI1F29",12.9653955483364
2025-11-17,"DI1F29",13.0163149753683
2025-11-17,"DI1F29",13.0429987212435
2025-11-17,"DI1F30",13.1005456365996
2025-11-17,"DI1F30",13.12000182652
2025-11-17,"DI1F30",13.1699980563247
2025-11-17,"DI1F30",13.2000014059392
2025-11-17,"DI1F31",13.2590163806722
2025-11-17,"DI1F32",13.3913015289662
2025-11-17,"DI1F33",13.4490252438844
2025-11-17,"DI1F34",13.4800499398646
2025-11-17,"DI1F35",13.4962951092893
2025-11-18,"DI1F27",13.6942932602958
2025-11-18,"DI1F27",13.3980041016255
2025-11-18,"DI1F27",13.1829995549029
2025-11-18,"DI1F27",13.1549766161783
2025-11-18,"DI1F27",13.0310022920574
2025-11-18,"DI1F28",12.9429347978814
2025-11-18,"DI1F28",12.8910829479361
2025-11-18,"DI1F28",12.8779047628361
2025-11-18,"DI1F28",12.8960718392463
2025-11-18,"DI1F29",12.9046098569126
2025-11-18,"DI1F29",12.9483909937151
2025-11-18,"DI1F29",13.0123267227541
2025-11-18,"DI1F29",13.0289996740159
2025-11-18,"DI1F30",13.085540585457
2025-11-18,"DI1F30",13.1089998381691
2025-11-18,"DI1F30",13.1610015241142
2025-11-18,"DI1F30",13.1930009270455
2025-11-18,"DI1F31",13.2510185859664
2025-11-18,"DI1F32",13.3843039793328
2025-11-18,"DI1F33",13.4420257943986
2025-11-18,"DI1F34",13.4690472558805
2025-11-18,"DI1F35",13.4872900214616
2025-11-19,"DI1F27",13.6884543194598
2025-11-19,"DI1F27",13.3940019429889
2025-11-19,"DI1F27",13.1780036923403
2025-11-19,"DI1F27",13.1500441284203
2025-11-19,"DI1F27",13.0220001056129
2025-11-19,"DI1F28",12.932959255321
2025-11-19,"DI1F28",12.8841035759948
2025-11-19,"DI1F28",12.8699245604393
2025-11-19,"DI1F28",12.8880828962262
2025-11-19,"DI1F29",12.9026310382073
2025-11-19,"DI1F29",12.9404012228674
2025-11-19,"DI1F29",12.9993274592488
2025-11-19,"DI1F29",13.0239986510558
2025-11-19,"DI1F30",13.081550088447
2025-11-19,"DI1F30",13.1029990644439
2025-11-19,"DI1F30",13.1549988245431
2025-11-19,"DI1F30",13.1839993101607
2025-11-19,"DI1F31",13.2410190673702
2025-11-19,"DI1F32",13.3733017334339
2025-11-19,"DI1F33",13.4320210192495
2025-11-19,"DI1F34",13.4610494849219
2025-11-19,"DI1F35",13.4812931659346
